"Id ","x0 (LU) ","y0 (LU) ","z0 (LU) ","vx0 (LU/TU) ","vy0 (LU/TU) ","vz0 (LU/TU) ","Jacobi constant (LU2/TU2) ","Period (TU) ","Period (days) ","Stability index  ","Mass ratio"
"1","4.0976123461511266E-1","-2.6988484146598425E-23","-2.9417515655701884E-26","-1.9237533891084223E-13","1.4666820372526499E+0","2.0898742783096624E-25","2.7415144739107200E+0","7.4458490878530990E+0","3.3004871323221970E+1","1.1380834085181399E+2","1.215058560962404E-2"
"2","4.0994529574940025E-1","3.6897209696374770E-23","-6.7119249995721791E-25","9.0245706136828292E-13","1.4659809812198881E+0","-1.8141775989784380E-24","2.7416927266972002E+0","7.4457777748252347E+0","3.3004555217257348E+1","1.1372511745687100E+2","1.215058560962404E-2"
"3","4.1012940004381437E-1","-9.9582414860364254E-23","-6.4179983488855207E-25","-9.6303828359296679E-13","1.4652800921681222E+0","-1.7856030170463359E-24","2.7418709239065699E+0","7.4457059078472101E+0","3.3004236655823441E+1","1.1364194014360800E+2","1.215058560962404E-2"
"4","4.1031354746090021E-1","1.6974761164184659E-22","-5.8617843583703580E-26","-7.5815286334143957E-13","1.4645793701343948E+0","2.5258154672084283E-25","2.7420490654988998E+0","7.4456334860131124E+0","3.3003915634904644E+1","1.1355878879017899E+2","1.215058560962404E-2"
"5","4.1049773796319261E-1","-2.7366989771863190E-24","-4.1989600544819774E-25","-5.3041290268796633E-13","1.4638788151558542E+0","-8.5105503275229574E-25","2.7422271514337502E+0","7.4455605084155918E+0","3.3003592150479001E+1","1.1347568454813501E+2","1.215058560962404E-2"
"6","4.1068197151317998E-1","5.2378199353762121E-23","-4.2631933589494945E-25","4.1738847039083283E-13","1.4631784272696264E+0","-1.8151050394024354E-24","2.7424051816708399E+0","7.4454869741462737E+0","3.3003266198519988E+1","1.1339260958983400E+2","1.215058560962404E-2"
"7","4.1086624807332583E-1","-5.5039391220502174E-28","-1.4675312286046996E-37","-5.3499335811148661E-13","1.4624782065129645E+0","-1.1718209309759679E-36","2.7425831561694300E+0","7.4454128822946375E+0","3.3002937774991587E+1","1.1330954214671800E+2","1.215058560962404E-2"
"8","4.1105056760593262E-1","-4.7580346776766036E-23","2.6146270001992681E-26","-1.8022311745734304E-12","1.4617781529230300E+0","7.4620129743377453E-26","2.7427610748903200E+0","7.4453382319501840E+0","3.3002606875857872E+1","1.1322658279416800E+2","1.215058560962404E-2"
"9","4.1123493007340789E-1","1.4589975632600257E-23","4.8999721786283429E-26","-6.3102607651861923E-13","1.4610782665369759E+0","8.0037297986322846E-25","2.7429389377929501E+0","7.4452630221993630E+0","3.3002273497069403E+1","1.1314361992095000E+2","1.215058560962404E-2"
"10","4.1141933543804388E-1","-2.2099701259700292E-22","1.5674227204714456E-25","-4.6975191839429142E-13","1.4603785473921029E+0","3.7968344881118791E-25","2.7431167448371001E+0","7.4451872521283633E+0","3.3001937634575548E+1","1.1306069383296200E+2","1.215058560962404E-2"
"11","4.1160378366208705E-1","-2.3118817805589231E-23","-2.9261115747891306E-25","-8.2040677467805811E-13","1.4596789955256340E+0","-2.7966187287869223E-25","2.7432944959829300E+0","7.4451109208218842E+0","3.3001599284319106E+1","1.1297781399863500E+2","1.215058560962404E-2"
"12","4.1178827470774049E-1","1.3255276875030700E-22","-5.9019663801825457E-25","-8.2263084319818792E-13","1.4589796109748416E+0","-1.4544648009842491E-24","2.7434721911905400E+0","7.4450340273628859E+0","3.3001258442235162E+1","1.1289496892531400E+2","1.215058560962404E-2"
"13","4.1197280853716706E-1","-6.6920638432747520E-23","6.2118537140230916E-26","-1.6358856066175682E-12","1.4582803937770419E+0","-3.9852608467457876E-25","2.7436498304199599E+0","7.4449565708332246E+0","3.3000915104253899E+1","1.1281215523946101E+2","1.215058560962404E-2"
"14","4.1215738511247046E-1","-2.9254346938136673E-23","-5.4325648644316234E-25","-1.2595405266999781E-12","1.4575813439694836E+0","-4.3171462978188353E-25","2.7438274136316498E+0","7.4448785503134696E+0","3.3000569266299799E+1","1.1272938706385600E+2","1.215058560962404E-2"
"15","4.1234200439572077E-1","-1.4816540333396651E-22","3.1925205076155050E-25","-2.6026002709303075E-13","1.4568824615895350E+0","2.4148216293507783E-25","2.7440049407857399E+0","7.4447999648825247E+0","3.3000220924289962E+1","1.1264665459949600E+2","1.215058560962404E-2"
"16","4.1252666634894908E-1","1.1979189194067301E-22","-3.2008616130655546E-25","-5.5798092990046225E-13","1.4561837466746013E+0","1.0095120835365929E-25","2.7441824118422899E+0","7.4447208136179732E+0","3.2999870074135629E+1","1.1256395293011400E+2","1.215058560962404E-2"
"17","4.1271137093411503E-1","-8.8165724894060272E-23","2.0058256001639475E-26","-1.1221158108469594E-13","1.4554851992619873E+0","-2.5802995687693757E-25","2.7443598267620302E+0","7.4446410955963129E+0","3.2999516711743240E+1","1.1248130104223300E+2","1.215058560962404E-2"
"18","4.1289611811316684E-1","2.2686746758924237E-22","-7.5412129789222369E-25","8.6482300462940421E-13","1.4547868193890807E+0","-3.0756046711293566E-24","2.7445371855052199E+0","7.4445608098925025E+0","3.2999160833012411E+1","1.1239868135009201E+2","1.215058560962404E-2"
"19","4.1308090784798812E-1","-2.1514507664380723E-22","1.8050814565511486E-25","-1.2005901029460697E-12","1.4540886070934036E+0","4.6412544402941240E-25","2.7447144880320402E+0","7.4444799555799355E+0","3.2998802433835806E+1","1.1231609557576100E+2","1.215058560962404E-2"
"20","4.1326574010038741E-1","-1.9026069662815171E-23","-1.0255146474882758E-25","-2.9185382276237315E-13","1.4533905624122703E+0","-4.2813797045250142E-25","2.7448917343036698E+0","7.4443985317306325E+0","3.2998441510100022E+1","1.1223355743972100E+2","1.215058560962404E-2"
"21","4.1345061483218126E-1","-1.0008173851073025E-22","3.1803721497030879E-25","-4.6496292228549791E-13","1.4526926853832025E+0","6.8172951209088828E-25","2.7450689242802802E+0","7.4443165374155784E+0","3.2998078057687053E+1","1.1215104997912201E+2","1.215058560962404E-2"
"22","4.1363553200510378E-1","1.7951242268542339E-22","4.6371891353674030E-25","-9.7163185000691676E-13","1.4519949760437099E+0","1.8300746719403433E-24","2.7452460579225701E+0","7.4442339717039623E+0","3.2997712072470932E+1","1.1206857762469400E+2","1.215058560962404E-2"
"23","4.1382049158084927E-1","-1.3901363852024347E-22","1.0351568653408394E-25","-3.8193724293534141E-13","1.4512974344312275E+0","7.7930770880304023E-25","2.7454231351914902E+0","7.4441508336638531E+0","3.2997343550320736E+1","1.1198615024894700E+2","1.215058560962404E-2"
"24","4.1400549352110144E-1","1.5493266473002174E-27","2.6540458389659460E-38","-2.6124313880193038E-13","1.4506000605833460E+0","-1.3944301736629386E-36","2.7456001560473200E+0","7.4440671223614343E+0","3.2996972487097182E+1","1.1190371957727200E+2","1.215058560962404E-2"
"25","4.1419053778738446E-1","7.0110709532307880E-23","-1.0769234504082994E-25","-4.1695195678152067E-14","1.4499028545375772E+0","-2.5982852844447988E-25","2.7457771204518200E+0","7.4439828368628236E+0","3.2996598878660699E+1","1.1182140616667600E+2","1.215058560962404E-2"
"26","4.1437562434133962E-1","-1.7823316982147518E-22","1.5959356703342114E-25","-3.2975433040314781E-13","1.4492058163315407E+0","-2.7429112371704490E-26","2.7459540283649502E+0","7.4438979762308133E+0","3.2996222720856949E+1","1.1173908762686800E+2","1.215058560962404E-2"
"27","4.1456075314447582E-1","-4.2003459975111958E-28","1.2704005963830616E-37","-4.5347954632675742E-13","1.4485089460027909E+0","-1.0871486035183000E-36","2.7461308797478101E+0","7.4438125395279133E+0","3.2995844009530380E+1","1.1165677689629800E+2","1.215058560962404E-2"
"28","4.1474592415818146E-1","-1.6146002043023437E-22","4.2507389126299041E-25","-1.5853171349954507E-12","1.4478122435890080E+0","1.0626456459111159E-24","2.7463076745620301E+0","7.4437265258156842E+0","3.2995462740521212E+1","1.1157457126915899E+2","1.215058560962404E-2"
"29","4.1493113734394099E-1","-2.1658599455694899E-22","-3.0399638385090468E-25","-8.1618387773846248E-14","1.4471157091277216E+0","-1.4607819037797267E-25","2.7464844127683699E+0","7.4436399341531834E+0","3.2995078909658567E+1","1.1149237065077899E+2","1.215058560962404E-2"
"30","4.1511639266312228E-1","-4.9362129111238649E-23","-4.4257867993866091E-25","-6.6608524494641904E-13","1.4464193426567384E+0","-1.2362073661965577E-24","2.7466610943276000E+0","7.4435527635985217E+0","3.2994692512767379E+1","1.1141020887726600E+2","1.215058560962404E-2"
"31","4.1530169007703460E-1","-2.6777898320678690E-23","-8.7202548787390936E-26","-2.5745918067294361E-14","1.4457231442136538E+0","-8.1839024333040210E-25","2.7468377192013800E+0","7.4434650132085789E+0","3.2994303545667130E+1","1.1132808558622300E+2","1.215058560962404E-2"
"32","4.1548702954696476E-1","-7.1547919395508144E-23","1.1213213910679462E-25","2.8437238750021618E-13","1.4450271138362385E+0","5.2896730475557368E-25","2.7470142873507299E+0","7.4433766820385863E+0","3.2993912004169971E+1","1.1124599978187101E+2","1.215058560962404E-2"
"33","4.1567241103415348E-1","-7.3601804258783141E-23","-2.6791823072738302E-25","-1.3389194533303352E-12","1.4443312515622651E+0","-4.2340140363630057E-25","2.7471907987368001E+0","7.4432877691424792E+0","3.2993517884082344E+1","1.1116395395131100E+2","1.215058560962404E-2"
"34","4.1585783449976210E-1","-2.2108898382187907E-23","1.0968331482508975E-25","-5.5154374495367505E-13","1.4436355574294162E+0","1.2934493304173533E-25","2.7473672533214502E+0","7.4431982735726567E+0","3.2993121181203847E+1","1.1108194544166700E+2","1.215058560962404E-2"
"35","4.1604329990495176E-1","3.2935669624590077E-23","-9.4535125325733062E-26","-9.9286042474892596E-13","1.4429400314755374E+0","3.1806089327989888E-25","2.7475436510657398E+0","7.4431081943803292E+0","3.2992721891328834E+1","1.1099997924277800E+2","1.215058560962404E-2"
"36","4.1622880721079664E-1","-1.4266223377690307E-22","3.5002016511491215E-26","6.7782330792608272E-14","1.4422446737384271E+0","2.3322191689540846E-25","2.7477199919314002E+0","7.4430175306149682E+0","3.2992320010243937E+1","1.1091804738388200E+2","1.215058560962404E-2"
"37","4.1641435637836294E-1","4.0312540808349471E-23","2.8292313999445154E-25","-7.7081464281988193E-13","1.4415494842559684E+0","1.4179394943295915E-24","2.7478962758796501E+0","7.4429262813248229E+0","3.2991915533730371E+1","1.1083615541539800E+2","1.215058560962404E-2"
"38","4.1659994736863148E-1","4.7665484179597500E-23","2.2336497061866147E-25","-9.6242797728557800E-13","1.4408544630660047E+0","2.9883983664174623E-25","2.7480725028723700E+0","7.4428344455567004E+0","3.2991508457562965E+1","1.1075429785959800E+2","1.215058560962404E-2"
"39","4.1678558014256045E-1","7.0100812635166294E-23","1.3629267206414932E-25","-1.0414066836483961E-12","1.4401596102064160E+0","5.3503700545521610E-25","2.7482486728711901E+0","7.4427420223558975E+0","3.2991098777509855E+1","1.1067248665891100E+2","1.215058560962404E-2"
"40","4.1697125466104579E-1","-1.5680197077181153E-23","2.8572418698699658E-25","-2.0386963013941063E-13","1.4394649257151451E+0","1.0309194283068158E-24","2.7484247858378801E+0","7.4426490107663081E+0","3.2990686489332944E+1","1.1059071079003201E+2","1.215058560962404E-2"
"41","4.1715697088495768E-1","-5.8996197484475151E-23","3.4739714920864457E-25","-2.7093097679935502E-14","1.4387704096301326E+0","1.1191803154413232E-24","2.7486008417341101E+0","7.4425554098304749E+0","3.2990271588788161E+1","1.1050897443667000E+2","1.215058560962404E-2"
"42","4.1734272877510209E-1","-4.9937663522943733E-23","2.0141670853833080E-25","-3.9366927257470166E-13","1.4380760619893851E+0","9.0018483844333314E-25","2.7487768405217001E+0","7.4424612185893348E+0","3.2989854071624322E+1","1.1042727599704700E+2","1.215058560962404E-2"
"43","4.1752852829224030E-1","-5.1958838745090290E-23","3.3134098285367907E-26","-8.4612394803334093E-13","1.4373818828308842E+0","8.8201115898683389E-25","2.7489527821626401E+0","7.4423664360824695E+0","3.2989433933584202E+1","1.1034561653367901E+2","1.215058560962404E-2"
"44","4.1771436939708362E-1","3.1032601240670995E-22","4.3943377905088544E-25","-4.5501727809662843E-13","1.4366878721926342E+0","1.3762230902214640E-24","2.7491286666189998E+0","7.4422710613481708E+0","3.2989011170404893E+1","1.1026399818319599E+2","1.215058560962404E-2"
"45","4.1790025205030468E-1","9.2682509526992040E-23","-5.2841064629039964E-25","-1.5709392483186318E-12","1.4359940301127812E+0","-1.5506356607414678E-24","2.7493044938525300E+0","7.4421750934228834E+0","3.2988585777815295E+1","1.1018241785306800E+2","1.215058560962404E-2"
"46","4.1808617621252564E-1","2.9615491463712612E-23","8.2618265552819336E-26","-1.2380979388481329E-12","1.4353003566292812E+0","-1.6814636509368677E-25","2.7494802638256801E+0","7.4420785313421618E+0","3.2988157751540342E+1","1.1010087890062900E+2","1.215058560962404E-2"
"47","4.1827214184435441E-1","-1.0309400378113266E-28","-2.5208843695368588E-38","-8.4410582379100176E-13","1.4346068517802750E+0","6.5790949447584904E-37","2.7496559765001898E+0","7.4419813741397292E+0","3.2987727087296875E+1","1.1001934615911300E+2","1.215058560962404E-2"
"48","4.1845814890622030E-1","1.5817191939642856E-22","-5.1869495155559683E-26","-5.2618745438800609E-13","1.4339135156039939E+0","3.0329151479685897E-25","2.7498316318389602E+0","7.4418836208480421E+0","3.2987293780796094E+1","1.0993791342462200E+2","1.215058560962404E-2"
"49","4.1864419735870068E-1","8.5619311350838682E-24","3.4116233928116769E-26","-1.3035069921923162E-12","1.4332203481385712E+0","1.3019430252505961E-25","2.7500072298034199E+0","7.4417852704976619E+0","3.2986857827740835E+1","1.0985648686312599E+2","1.215058560962404E-2"
"50","4.1883028716217929E-1","8.6349737428320354E-25","6.7660859003569149E-25","-1.5231082123127701E-12","1.4325273494222073E+0","1.8840886914852774E-24","2.7501827703563499E+0","7.4416863221180876E+0","3.2986419223829181E+1","1.0977510677750401E+2","1.215058560962404E-2"
"51","4.1901641827706626E-1","-1.3850781823396145E-22","-4.6329923734441741E-25","-1.0021292910420759E-12","1.4318345194930349E+0","-7.9546524756396415E-25","2.7503582534601700E+0","7.4415867747377495E+0","3.2985977964754511E+1","1.0969376178787900E+2","1.215058560962404E-2"
"52","4.1920259066368232E-1","1.8987486532837597E-22","-3.4699951026508028E-25","-1.3897522205312315E-12","1.4311418583894435E+0","-5.2321302749369328E-25","2.7505336790770998E+0","7.4414866273826830E+0","3.2985534046199575E+1","1.0961245618854500E+2","1.215058560962404E-2"
"53","4.1938880428231368E-1","-7.6098840933277825E-23","1.8122988412213646E-25","-6.9900711912113027E-13","1.4304493661496480E+0","-2.3075107060386568E-25","2.7507090471699001E+0","7.4413858790780747E+0","3.2985087463843371E+1","1.0953119217752800E+2","1.215058560962404E-2"
"54","4.1957505909321369E-1","-1.0555411870964461E-22","-3.2743396469240921E-26","-3.9994802006159522E-13","1.4297570428119761E+0","3.7143747349110927E-25","2.7508843577009801E+0","7.4412845288476088E+0","3.2984638213358217E+1","1.0944996160040699E+2","1.215058560962404E-2"
"55","4.1976135505657181E-1","-3.4317122811590457E-22","-1.8005580573908341E-25","-6.9894069491857421E-13","1.4290648884147927E+0","-5.5373694664124425E-25","2.7510596106329599E+0","7.4411825757133521E+0","3.2984186290409276E+1","1.0936877812534701E+2","1.215058560962404E-2"
"56","4.1994769213253996E-1","-3.5465613136830207E-23","4.8603322961047386E-26","-1.2540103006695732E-12","1.4283729029964582E+0","-2.9437074552807905E-25","2.7512348059285299E+0","7.4410800186960246E+0","3.2983731690655745E+1","1.0928762789871200E+2","1.215058560962404E-2"
"57","4.2013407028119543E-1","-2.3942682160261761E-25","-2.8048939757384467E-25","6.8851653977290825E-13","1.4276810865953216E+0","-6.0376771078620951E-25","2.7514099435508101E+0","7.4409768568147356E+0","3.2983274409749669E+1","1.0920651949095000E+2","1.215058560962404E-2"
"58","4.2032048946262451E-1","-6.2111554230855373E-23","4.9635318563570015E-25","-5.3850541133654671E-13","1.4269894392499398E+0","1.0338591980110286E-24","2.7515850234619199E+0","7.4408730890871535E+0","3.2982814443336707E+1","1.0912545469783900E+2","1.215058560962404E-2"
"59","4.2050694963680457E-1","1.0508089082219514E-22","6.5642375794587638E-25","-1.0549439989423634E-12","1.4262979609987023E+0","1.6488137341237836E-24","2.7517600456252000E+0","7.4407687145295087E+0","3.2982351787056167E+1","1.0904442834844700E+2","1.215058560962404E-2"
"60","4.2069345076369791E-1","-2.0458860383687387E-22","-1.1094852662421900E-25","-1.1914900144693424E-12","1.4256066518801047E+0","-5.4127127070563059E-25","2.7519350100035300E+0","7.4406637321567288E+0","3.2981886436541544E+1","1.0896343857694100E+2","1.215058560962404E-2"
"61","4.2087999280320521E-1","-2.3210512103069045E-22","-1.6881240005744573E-25","-1.8740205939682814E-12","1.4249155119327259E+0","3.1111280518268246E-25","2.7521099165598302E+0","7.4405581409817669E+0","3.2981418387417612E+1","1.0888249002842900E+2","1.215058560962404E-2"
"62","4.2106657571520328E-1","4.5500354639917172E-23","-3.0862232190479666E-27","-1.6312964729347292E-12","1.4242245411950207E+0","4.0818932931938867E-25","2.7522847652572802E+0","7.4404519400168105E+0","3.2980947635305746E+1","1.0880158265669800E+2","1.215058560962404E-2"
"63","4.2125319945948098E-1","1.7740588102214271E-22","8.3625303734564492E-26","-7.8783092395859336E-13","1.4235337397056567E+0","-2.7427867676885207E-25","2.7524595560590002E+0","7.4403451282717894E+0","3.2980474175817292E+1","1.0872071263206900E+2","1.215058560962404E-2"
"64","4.2143986399581945E-1","1.6679139877922507E-22","-4.8018612965121479E-26","-1.0775810020511859E-12","1.4228431075032844E+0","3.9731997037283077E-25","2.7526342889279198E+0","7.4402377047555586E+0","3.2979998004558851E+1","1.0863988481497000E+2","1.215058560962404E-2"
"65","4.2162656928392178E-1","2.3565400276858857E-22","4.8929520093048027E-26","-1.7322324822559964E-13","1.4221526446264794E+0","2.6462077837316009E-25","2.7528089638276199E+0","7.4401296684755778E+0","3.2979519117130849E+1","1.0855909666661600E+2","1.215058560962404E-2"
"66","4.2181331528346427E-1","-8.3742953808971520E-23","6.2065399360840187E-25","6.1396259440164871E-13","1.4214623511139766E+0","1.0893563804431811E-24","2.7529835807211902E+0","7.4400210184375837E+0","3.2979037509126051E+1","1.0847834746695300E+2","1.215058560962404E-2"
"67","4.2200010195407556E-1","-3.4482508167979213E-24","-2.8923585954189460E-25","-1.4834312670167087E-12","1.4207722270045822E+0","-4.2122103562028644E-26","2.7531581395716400E+0","7.4399117536457489E+0","3.2978553176130291E+1","1.0839763964857600E+2","1.215058560962404E-2"
"68","4.2218692925530432E-1","-1.6641409455811148E-23","1.5403658908876219E-25","-1.1593419479004711E-12","1.4200822723368787E+0","4.6037138161135945E-25","2.7533326403431002E+0","7.4398018731031579E+0","3.2978066113724594E+1","1.0831697311070600E+2","1.215058560962404E-2"
"69","4.2237379714668610E-1","-4.2861112958817597E-24","-1.5019206640325978E-25","-1.9455185849408473E-12","1.4193924871497758E+0","-1.4782864759327232E-25","2.7535070829985799E+0","7.4396913758108907E+0","3.2977576317481109E+1","1.0823634385833500E+2","1.215058560962404E-2"
"70","4.2256070558768549E-1","1.0445872655344480E-23","7.6574969485122145E-26","-1.4807799211244929E-12","1.4187028714820300E+0","3.6071806099815605E-25","2.7536814675018801E+0","7.4395802607689294E+0","3.2977083782967085E+1","1.0815575565166201E+2","1.215058560962404E-2"
"71","4.2274765453774060E-1","-5.4138093768633086E-23","5.0069266082151571E-25","-1.8461264579525107E-12","1.4180134253725234E+0","8.1232126954894306E-25","2.7538557938164101E+0","7.4394685269754790E+0","3.2976588505741908E+1","1.0807520754999200E+2","1.215058560962404E-2"
"72","4.2293464395621527E-1","2.5194656346870210E-22","2.4630765985535025E-25","-1.1709755078933687E-12","1.4173241488601247E+0","1.3757359632198861E-24","2.7540300619060298E+0","7.4393561734273987E+0","3.2976090481359016E+1","1.0799470225410900E+2","1.215058560962404E-2"
"73","4.2312167380244586E-1","1.5864846701269356E-22","-8.0327386870113098E-26","-6.9357958122987293E-13","1.4166350419837799E+0","-1.1972452623075120E-25","2.7542042717343200E+0","7.4392431991198125E+0","3.2975589705364129E+1","1.0791423323631200E+2","1.215058560962404E-2"
"74","4.2330874403572427E-1","-2.1209985076609484E-22","-2.6874882985672806E-25","-2.0111051697950621E-12","1.4159461047824689E+0","-1.5393339167158847E-25","2.7543784232648800E+0","7.4391296030466521E+0","3.2975086173297704E+1","1.0783380578264000E+2","1.215058560962404E-2"
"75","4.2349585461525152E-1","-1.1934633571203649E-22","1.6183613169911626E-25","-1.0354902325365506E-12","1.4152573372951127E+0","5.8700591068671386E-25","2.7545525164620601E+0","7.4390153842000784E+0","3.2974579880692346E+1","1.0775342241763400E+2","1.215058560962404E-2"
"76","4.2368300550023946E-1","-9.0148734275101411E-24","5.7311675349581511E-27","4.0105813881140322E-14","1.4145687395607478E+0","-1.9158326535969719E-25","2.7547265512894601E+0","7.4389005415709688E+0","3.2974070823074939E+1","1.0767307277195400E+2","1.215058560962404E-2"
"77","4.2387019664982239E-1","-9.2971761506182383E-23","-2.5768847221257646E-25","-1.8807711150209942E-12","1.4138803116185403E+0","-1.6582162714459228E-24","2.7549005277107499E+0","7.4387850741482850E+0","3.2973558995963920E+1","1.0759277118743999E+2","1.215058560962404E-2"
"78","4.2405742802307639E-1","1.1766112450382292E-22","3.8307626300882819E-25","-1.5828462172326389E-12","1.4131920535074167E+0","6.7334699425998717E-25","2.7550744456905498E+0","7.4386689809200757E+0","3.2973044394873661E+1","1.0751250791173899E+2","1.215058560962404E-2"
"79","4.2424469957902611E-1","1.2597671989798174E-22","-7.5076285408111219E-26","-7.0430518069448259E-13","1.4125039652666171E+0","-5.2460930638481311E-25","2.7552483051927399E+0","7.4385522608721075E+0","3.2972527015308401E+1","1.0743228486979901E+2","1.215058560962404E-2"
"80","4.2443201127668023E-1","-1.5393937109219141E-22","1.0605698422169794E-25","-8.9996872122016398E-13","1.4118160469353067E+0","6.4894706375683214E-25","2.7554221061813098E+0","7.4384349129892158E+0","3.2972006852768281E+1","1.0735210056128101E+2","1.215058560962404E-2"
"81","4.2461936307497850E-1","1.3313049554926336E-22","-6.0428747314014039E-27","-1.4581251907180741E-12","1.4111282985526576E+0","-2.5074168108473285E-25","2.7555958486205498E+0","7.4383169362546049E+0","3.2971483902746193E+1","1.0727195833640600E+2","1.215058560962404E-2"
"82","4.2480675493279985E-1","1.1866011530802719E-22","-1.2133537202604730E-25","-1.8214801395843709E-12","1.4104407201579263E+0","-1.3588467590764364E-24","2.7557695324747900E+0","7.4381983296496372E+0","3.2970958160726873E+1","1.0719185485088600E+2","1.215058560962404E-2"
"83","4.2499418680897949E-1","2.2410360409857718E-22","5.1464673000063139E-25","-9.2189173454448591E-13","1.4097533117903565E+0","6.4399583558162830E-25","2.7559431577085398E+0","7.4380790921544069E+0","3.2970429622189421E+1","1.0711179584301399E+2","1.215058560962404E-2"
"84","4.2518165866233826E-1","2.5855008811235572E-22","6.5767413979554435E-26","-1.5457586465805007E-12","1.4090660734892897E+0","6.0427957551532863E-25","2.7561167242858402E+0","7.4379592227475468E+0","3.2969898282606472E+1","1.0703177448065900E+2","1.215058560962404E-2"
"85","4.2536917045158551E-1","-3.2142181383017811E-23","3.8451049090505471E-25","-2.4010648868419696E-13","1.4083790052940504E+0","8.9271520952828989E-25","2.7562902321715499E+0","7.4378387204058294E+0","3.2969364137442426E+1","1.0695179740057300E+2","1.215058560962404E-2"
"86","4.2555672213545298E-1","3.7854688124114670E-23","-7.0636860380416534E-26","-2.3592806908675395E-12","1.4076921072441064E+0","-7.1215238876835444E-25","2.7564636813296102E+0","7.4377175841047185E+0","3.2968827182155849E+1","1.0687185931194701E+2","1.215058560962404E-2"
"87","4.2574431367254689E-1","-8.9983263185108216E-23","5.4970899276653038E-26","-1.5803501374820600E-12","1.4070053793787611E+0","-3.6149640515828568E-25","2.7566370717253101E+0","7.4375958128181381E+0","3.2968287412198521E+1","1.0679196248756200E+2","1.215058560962404E-2"
"88","4.2593194502147957E-1","-5.7475484825965150E-23","-4.9071495140668478E-26","-1.3766939090594809E-13","1.4063188217375118E+0","6.4296260416282343E-25","2.7568104033230600E+0","7.4374734055183573E+0","3.2967744823014854E+1","1.0671210861429100E+2","1.215058560962404E-2"
"89","4.2611961614081034E-1","1.4241679156000081E-22","1.8285130168995358E-25","-9.4077727637856253E-13","1.4056324343599425E+0","3.1769729041753620E-25","2.7569836760872000E+0","7.4373503611760921E+0","3.2967199410042390E+1","1.0663229400254400E+2","1.215058560962404E-2"
"90","4.2630732698902896E-1","4.6657616136736344E-23","-5.6821571101050913E-26","-1.5481771998951946E-12","1.4049462172855089E+0","-9.0338885329519090E-26","2.7571568899828200E+0","7.4372266787607213E+0","3.2966651168712744E+1","1.0655252018422000E+2","1.215058560962404E-2"
"91","4.2649507752457250E-1","-2.8144738290707418E-22","2.2171970639692153E-25","-1.1450509127015584E-12","1.4042601705537856E+0","9.6890325687091209E-25","2.7573300449748501E+0","7.4371023572397510E+0","3.2966100094449224E+1","1.0647278750157101E+2","1.215058560962404E-2"
"92","4.2668286770584812E-1","-4.1562527178005240E-23","-2.0707360941300716E-25","-9.8281673594994248E-13","1.4035742942044283E+0","-4.8621940285448071E-25","2.7575031410280002E+0","7.4369773955792962E+0","3.2965546182668987E+1","1.0639309602004100E+2","1.215058560962404E-2"
"93","4.2687069749120393E-1","-9.9319394787578658E-23","-3.0911656031843469E-25","-6.9107875292774227E-13","1.4028885882770641E+0","-3.9392981713629815E-25","2.7576761781073200E+0","7.4368517927439530E+0","3.2964989428782438E+1","1.0631344430008799E+2","1.215058560962404E-2"
"94","4.2705856683892884E-1","-1.8255048417170391E-22","-4.7924533126601259E-25","-6.0872883286901632E-13","1.4022030528114404E+0","-1.6084940223076384E-24","2.7578491561777700E+0","7.4367255476965326E+0","3.2964429828192081E+1","1.0623383494036800E+2","1.215058560962404E-2"
"95","4.2724647570731583E-1","1.9891420828015669E-22","5.4404234690601181E-26","-1.3721864511700423E-12","1.4015176878471631E+0","2.2083952863079712E-25","2.7580220752043898E+0","7.4365986593989071E+0","3.2963867376296250E+1","1.0615426738511400E+2","1.215058560962404E-2"
"96","4.2743442405450233E-1","-1.2425039222486274E-22","1.0781520059948341E-25","1.2653398988394457E-13","1.4008324934241108E+0","1.3850107203865226E-26","2.7581949351526101E+0","7.4364711268103107E+0","3.2963302068481589E+1","1.0607473918555900E+2","1.215058560962404E-2"
"97","4.2762241183869032E-1","2.3544940880048198E-22","3.4654853194540832E-26","-5.0734781401791934E-13","1.4001474695820746E+0","-1.3638950339211424E-26","2.7583677359872398E+0","7.4363429488895703E+0","3.2962733900132939E+1","1.0599525585551299E+2","1.215058560962404E-2"
"98","4.2781043901794907E-1","5.9309409039022763E-23","3.1102312743260648E-26","4.4975713630808631E-13","1.3994626163608883E+0","-5.5325232508193109E-25","2.7585404776738698E+0","7.4362141245929987E+0","3.2962162866623999E+1","1.0591581394942099E+2","1.215058560962404E-2"
"99","4.2799850555035612E-1","-4.3795808854892478E-23","2.3712591826797637E-25","-1.1711075037405598E-12","1.3987779338004998E+0","4.7427346915886708E-25","2.7587131601774599E+0","7.4360846528759694E+0","3.2961588963324310E+1","1.0583641639963500E+2","1.215058560962404E-2"
"100","4.2818661139388192E-1","-7.0383085561446664E-24","-2.3173912582100280E-25","-3.0030434807892758E-13","1.3980934219407635E+0","-1.9312179529021704E-25","2.7588857834638998E+0","7.4359545326917784E+0","3.2961012185594178E+1","1.0575705562681800E+2","1.215058560962404E-2"
"101","4.2837475650649143E-1","7.8236159920757008E-23","3.2565915770408143E-25","-3.4875801916983141E-13","1.3974090808217519E+0","1.1145724485084701E-24","2.7590583474982502E+0","7.4358237629925323E+0","3.2960432528788665E+1","1.0567773291311300E+2","1.215058560962404E-2"
"102","4.2856294084611268E-1","-5.7739768617129629E-23","7.8340861199292612E-27","-5.9383215448495484E-13","1.3967249104833317E+0","-1.2876871887649898E-25","2.7592308522462101E+0","7.4356923427287711E+0","3.2959849988255876E+1","1.0559845793486700E+2","1.215058560962404E-2"
"103","4.2875116437056543E-1","-5.6705823884766058E-24","1.1914824539222758E-25","-1.8113961960640599E-12","1.3960409109657230E+0","-6.8322267036192514E-27","2.7594032976731802E+0","7.4355602708491366E+0","3.2959264559335509E+1","1.0551922629933100E+2","1.215058560962404E-2"
"104","4.2893942703765137E-1","-2.4307433151984517E-22","6.6372217756294993E-26","-1.5549899780052498E-12","1.3953570823089183E+0","3.6901171441123375E-25","2.7595756837451302E+0","7.4354275463007804E+0","3.2958676237360635E+1","1.0544003079685500E+2","1.215058560962404E-2"
"105","4.2912772880512240E-1","-1.8988709658079283E-22","-2.5951110856968192E-25","-3.2963577981273682E-13","1.3946734245530741E+0","-6.2179733978288758E-25","2.7597480104276899E+0","7.4352941680293236E+0","3.2958085017657574E+1","1.0536088055940500E+2","1.215058560962404E-2"
"106","4.2931606963069885E-1","-5.8815709650697370E-23","1.0402672239712178E-25","-6.8760834490473645E-13","1.3939899377384171E+0","2.8349824607589440E-25","2.7599202776863598E+0","7.4351601349791894E+0","3.2957490895547323E+1","1.0528177043295700E+2","1.215058560962404E-2"
"107","4.2950444947200084E-1","1.9526051989162395E-22","-3.1391491702189375E-27","-5.2313420505777921E-13","1.3933066219052026E+0","-4.1918634456007977E-26","2.7600924854871498E+0","7.4350254460921636E+0","3.2956893866339165E+1","1.0520270047159600E+2","1.215058560962404E-2"
"108","4.2969286828667574E-1","1.9557548306334738E-22","-2.5468415400331255E-25","-7.1238242897963825E-13","1.3926234770935444E+0","-3.8264668972733646E-25","2.7602646337959702E+0","7.4348901003096888E+0","3.2956293925340894E+1","1.0512367718203100E+2","1.215058560962404E-2"
"109","4.2988132603223944E-1","2.2890739309883927E-23","-9.9357883116216207E-26","-1.8034149638417975E-12","1.3919405033439249E+0","-6.2512028249399996E-25","2.7604367225786102E+0","7.4347540965707619E+0","3.2955691067849457E+1","1.0504469111264400E+2","1.215058560962404E-2"
"110","4.3006982266617050E-1","-1.4376747122431365E-22","2.2025815302145805E-25","-5.9114739517014458E-13","1.3912577006966256E+0","4.6101286910538149E-25","2.7606087518015001E+0","7.4346174338126758E+0","3.2955085289154226E+1","1.0496574879707200E+2","1.215058560962404E-2"
"111","4.3025835814596708E-1","1.7414909718021370E-22","-1.8991105281598873E-25","-1.4795732567927906E-12","1.3905750691920589E+0","-1.8807369274251403E-25","2.7607807214302298E+0","7.4344801109721477E+0","3.2954476584542050E+1","1.0488685309136901E+2","1.215058560962404E-2"
"112","4.3044693242901527E-1","5.6322229228920046E-23","-3.6083072694897480E-28","-1.2047210731932679E-12","1.3898926088705832E+0","3.1530769827978983E-25","2.7609526314313002E+0","7.4343421269832533E+0","3.2953864949288047E+1","1.0480799338442399E+2","1.215058560962404E-2"
"113","4.3063554547264982E-1","-3.5592526387172022E-22","-3.2564053153003265E-25","-2.2848368722646143E-12","1.3892103197728412E+0","-1.0262490194953206E-25","2.7611244817706200E+0","7.4342034807786970E+0","3.2953250378661266E+1","1.0472917667513200E+2","1.215058560962404E-2"
"114","4.3082419723414683E-1","9.4142875402471314E-23","-4.4365043597488460E-26","4.1712177344802626E-13","1.3885282019391989E+0","-1.1204441439171958E-24","2.7612962724151000E+0","7.4340641712897213E+0","3.2952632867924272E+1","1.0465040120422201E+2","1.215058560962404E-2"
"115","4.3101288767080004E-1","2.4707125122019255E-22","-7.5241062509326773E-26","-4.5216315266129849E-13","1.3878462554103996E+0","1.0773444965507029E-25","2.7614680033301799E+0","7.4339241974460197E+0","3.2952012412332778E+1","1.0457167087912900E+2","1.215058560962404E-2"
"116","4.3120161673978952E-1","3.4136527694788506E-23","-8.3492966347330840E-26","-1.2190269929387893E-12","1.3871644802269536E+0","-5.3955820734613116E-26","2.7616396744827298E+0","7.4337835581756382E+0","3.2951389007135177E+1","1.0449298524600300E+2","1.215058560962404E-2"
"117","4.3139038439824373E-1","4.7295500820658694E-23","2.6025423474753277E-25","-3.0310426312918185E-13","1.3864828764295227E+0","4.6118830938254951E-26","2.7618112858393600E+0","7.4336422524048658E+0","3.2950762647572077E+1","1.0441433724100300E+2","1.215058560962404E-2"
"118","4.3157919060327515E-1","8.1028357323779925E-23","1.2584843784998642E-25","-5.0773011207131482E-13","1.3858014440588846E+0","1.0841419423919369E-24","2.7619828373662498E+0","7.4335002790580953E+0","3.2950133328875687E+1","1.0433573235545600E+2","1.215058560962404E-2"
"119","4.3176803531192259E-1","1.9862978030389462E-22","-7.4539352341501714E-26","-4.9945436401102992E-13","1.3851201831557385E+0","-1.6025281251634715E-26","2.7621543290301900E+0","7.4333576370591006E+0","3.2949501046275472E+1","1.0425716815083599E+2","1.215058560962404E-2"
"120","4.3195691848117618E-1","-1.2764272363983366E-22","-6.9418868387219025E-26","-2.1014411415326091E-12","1.3844390937609845E+0","-6.0745441971465503E-25","2.7623257607975802E+0","7.4332143253286915E+0","3.2948865794987739E+1","1.0417864745465501E+2","1.215058560962404E-2"
"121","4.3214584006796980E-1","-8.9091096083108741E-23","8.4076146240064180E-27","-5.4426962336754649E-13","1.3837581759152795E+0","-2.2535411194308767E-25","2.7624971326357302E+0","7.4330703427870137E+0","3.2948227570225896E+1","1.0410017104539700E+2","1.215058560962404E-2"
"122","4.3233480002921415E-1","-4.4462183001540625E-23","1.3394911750023833E-25","-5.2529113207429449E-13","1.3830774296596571E+0","2.6712776494473935E-25","2.7626684445108598E+0","7.4329256883524675E+0","3.2947586367195555E+1","1.0402173782346399E+2","1.215058560962404E-2"
"123","4.3252379832173560E-1","-3.5151764519999612E-22","3.9281619735346631E-26","-7.1390435587534323E-13","1.3823968550350554E+0","-2.8116421783556382E-26","2.7628396963899200E+0","7.4327803609413055E+0","3.2946942181092872E+1","1.0394334398768400E+2","1.215058560962404E-2"
"124","4.3271283490232287E-1","7.6702961734935945E-23","-3.6653696354950703E-26","-1.1587857411004435E-12","1.3817164520824523E+0","-9.8844130349824353E-27","2.7630108882398599E+0","7.4326343594686106E+0","3.2946295007108752E+1","1.0386499524752200E+2","1.215058560962404E-2"
"125","4.3290190972770803E-1","7.0864497519736132E-23","-7.0822454400992609E-27","-8.9265676797818789E-13","1.3810362208428446E+0","4.5333321370211704E-25","2.7631820200277701E+0","7.4324876828475936E+0","3.2945644840425864E+1","1.0378669040868800E+2","1.215058560962404E-2"
"126","4.3309102275458372E-1","-1.6873417871069580E-22","-1.3269549455121520E-25","-8.8510278198835132E-13","1.3803561613573565E+0","-5.3928414833356509E-25","2.7633530917205200E+0","7.4323403299900459E+0","3.2944991676220532E+1","1.0370842319156100E+2","1.215058560962404E-2"
"127","4.3328017393958251E-1","2.0178384697863714E-22","-1.0557846513993244E-25","-1.8997323845457040E-12","1.3796762736671504E+0","9.7478614819188704E-26","2.7635241032851301E+0","7.4321922998058776E+0","3.2944335509660775E+1","1.0363020378362100E+2","1.215058560962404E-2"
"128","4.3346936323929208E-1","3.8173673134307465E-23","1.4809332973442167E-25","-1.8971401649234698E-12","1.3789965578132837E+0","2.4248410969231082E-25","2.7636950546890402E+0","7.4320435912036693E+0","3.2943676335908705E+1","1.0355202641945699E+2","1.215058560962404E-2"
"129","4.3365859061022610E-1","-1.8919267059957591E-22","-2.0729054695337978E-25","-1.1937718244879602E-12","1.3783170138370702E+0","-2.0999522113373140E-25","2.7638659458993899E+0","7.4318942030898247E+0","3.2943014150116802E+1","1.0347389063449100E+2","1.215058560962404E-2"
"130","4.3384785600887266E-1","1.0872097542566065E-22","1.2793768901292188E-25","-2.4391625363932539E-13","1.3776376417797778E+0","6.5219668361865977E-25","2.7640367768834002E+0","7.4317441343695592E+0","3.2942348947432251E+1","1.0339579729253801E+2","1.215058560962404E-2"
"131","4.3403715939167442E-1","-3.6374684253434892E-22","2.4921304843597484E-25","-1.2545157516271361E-12","1.3769584416827676E+0","-1.4720844509180967E-25","2.7642075476082000E+0","7.4315933839462458E+0","3.2941680722994086E+1","1.0331774685354500E+2","1.215058560962404E-2"
"132","4.3422650071498747E-1","1.1734911254611879E-22","1.1374177993198396E-25","-1.1173048621038024E-12","1.3762794135873457E+0","2.9490490523149451E-25","2.7643782580415399E+0","7.4314419507216716E+0","3.2941009471934315E+1","1.0323973874113901E+2","1.215058560962404E-2"
"133","4.3441587993514169E-1","2.2483747341584504E-22","-4.0488109713804395E-25","-7.9955871350510900E-13","1.3756005575349564E+0","-8.4995403561061591E-25","2.7645489081508199E+0","7.4312898335959048E+0","3.2940335189377315E+1","1.0316177583194600E+2","1.215058560962404E-2"
"134","4.3460529700840539E-1","1.8678180773805324E-22","7.7232054327428858E-26","-1.2407394823102657E-12","1.3749218735671223E+0","3.7487132294844388E-26","2.7647194979034500E+0","7.4311370314671858E+0","3.2939657870439376E+1","1.0308385639970000E+2","1.215058560962404E-2"
"135","4.3479475189101513E-1","2.2424898616800454E-22","5.2778061225360862E-26","-1.0522216585816657E-12","1.3742433617252707E+0","2.6867234308973068E-25","2.7648900272671599E+0","7.4309835432327498E+0","3.2938977510232306E+1","1.0300597515054500E+2","1.215058560962404E-2"
"136","4.3498424453912876E-1","1.3022915596069813E-23","-1.5918692106921180E-25","-3.6409476075442660E-13","1.3735650220509983E+0","-5.3371760619672818E-28","2.7650604962096499E+0","7.4308293677872639E+0","3.2938294103856563E+1","1.0292813833417100E+2","1.215058560962404E-2"
"137","4.3517377490885573E-1","-1.5018367706287020E-22","-2.4347829403705120E-26","-8.5453524262256736E-13","1.3728868545860140E+0","-1.9887748855597786E-26","2.7652309046984702E+0","7.4306745040241911E+0","3.2937607646407244E+1","1.0285034962474600E+2","1.215058560962404E-2"
"138","4.3536334295627283E-1","-1.1342484268686430E-23","1.1433672761778937E-25","-2.6394959331744030E-13","1.3722088593718782E+0","3.0768190504631644E-25","2.7654012527016198E+0","7.4305189508355172E+0","3.2936918132972913E+1","1.0277260019442400E+2","1.215058560962404E-2"
"139","4.3555294863737842E-1","-3.2492607889556852E-22","2.1467868312801770E-25","-4.3599559701254295E-13","1.3715310364504192E+0","1.3561899202517962E-26","2.7655715401867900E+0","7.4303627071111062E+0","3.2936225558632714E+1","1.0269489685661399E+2","1.215058560962404E-2"
"140","4.3574259190815928E-1","-1.6372199245725637E-22","1.0073682336560333E-25","-1.2827326808192928E-12","1.3708533858633190E+0","2.6349907837532070E-25","2.7657417671219302E+0","7.4302057717394341E+0","3.2935529918459643E+1","1.0261723629979500E+2","1.215058560962404E-2"
"141","4.3593227272448926E-1","-1.8051819596072561E-22","6.2644568648909086E-26","-7.3764428450888272E-13","1.3701759076524451E+0","5.2271898168508674E-25","2.7659119334752100E+0","7.4300481436070367E+0","3.2934831207518116E+1","1.0253961577527700E+2","1.215058560962404E-2"
"142","4.3612199104222904E-1","-2.7439659198102712E-22","3.7952577225256544E-25","-3.2607090002392170E-13","1.3694986018597126E+0","1.0769450883395581E-24","2.7660820392145400E+0","7.4298898215992084E+0","3.2934129420867002E+1","1.0246203931993300E+2","1.215058560962404E-2"
"143","4.3631174681721097E-1","2.5335064140837709E-23","1.3653457074294606E-25","-2.3049702610969821E-13","1.3688214685269637E+0","7.4573607533345693E-25","2.7662520843080101E+0","7.4297308045992754E+0","3.2933424553556499E+1","1.0238450587370301E+2","1.215058560962404E-2"
"144","4.3650154000514668E-1","-1.7850659699550440E-23","-2.4136920454383409E-26","-1.4841727091889314E-13","1.3681445076962824E+0","-5.2442640751060121E-25","2.7664220687238701E+0","7.4295710914885973E+0","3.2932716600628048E+1","1.0230702104270200E+2","1.215058560962404E-2"
"145","4.3669137056178198E-1","-5.2717561309344188E-23","-6.2490875780080091E-26","-1.6466954854655225E-12","1.3674677194096416E+0","1.4298524588008591E-25","2.7665919924301101E+0","7.4294106811476368E+0","3.2932005557119126E+1","1.0222957389338100E+2","1.215058560962404E-2"
"146","4.3688123844270804E-1","1.0848833279939894E-22","-3.3712888640099864E-25","-7.6299489762592708E-13","1.3667911037091069E+0","-5.0342131184263586E-25","2.7667618553955799E+0","7.4292495724540428E+0","3.2931291418054748E+1","1.0215217195829500E+2","1.215058560962404E-2"
"147","4.3707114360354959E-1","3.8725482073888877E-23","1.2941148217873855E-25","-8.1277777111409069E-13","1.3661146606368755E+0","-1.1089455758939015E-25","2.7669316575882101E+0","7.4290877642848772E+0","3.2930574178457306E+1","1.0207481507613301E+2","1.215058560962404E-2"
"148","4.3726108599983926E-1","-8.4348618844394283E-24","-8.3751745525237697E-26","-1.0870005088776416E-12","1.3654383902351162E+0","-2.0466275315195792E-25","2.7671013989765800E+0","7.4289252555148524E+0","3.2929853833338804E+1","1.0199750359733000E+2","1.215058560962404E-2"
"149","4.3745106558705793E-1","-2.1748181287898249E-23","1.7815308575423497E-26","-5.2584066782633460E-13","1.3647622925460754E+0","3.7505043197771121E-25","2.7672710795292401E+0","7.4287620450169491E+0","3.2929130377703537E+1","1.0192023101782701E+2","1.215058560962404E-2"
"150","4.3764108232065435E-1","7.3890802193128604E-23","1.2531253537256428E-25","-1.1041388625921589E-12","1.3640863676120796E+0","5.0782741816192203E-25","2.7674406992145699E+0","7.4285981316630858E+0","3.2928403806551131E+1","1.0184300509455200E+2","1.215058560962404E-2"
"151","4.3783113615599134E-1","-4.5753181924104451E-24","8.7193982166738867E-27","-5.3960163069726188E-13","1.3634106154754364E+0","-4.7122544755471214E-25","2.7676102580014899E+0","7.4284335143226397E+0","3.2927674114869916E+1","1.0176582232460400E+2","1.215058560962404E-2"
"152","4.3802122704841262E-1","3.8817027878245898E-23","-1.3543722371999333E-26","-8.4354780716774045E-13","1.3627350361786217E+0","-2.0624650096849175E-25","2.7677797558583799E+0","7.4282681918637561E+0","3.2926941297642777E+1","1.0168867975771600E+2","1.215058560962404E-2"
"153","4.3821135495318719E-1","1.3074284337279991E-22","-2.7216219916762705E-25","-1.3510272478383040E-12","1.3620596297640508E+0","-8.1218347003179413E-26","2.7679491927541999E+0","7.4281021631528414E+0","3.2926205349844878E+1","1.0161158485979099E+2","1.215058560962404E-2"
"154","4.3840151982551506E-1","8.1854815386736461E-23","-2.4989800229106000E-25","2.1780773271699781E-13","1.3613843962742438E+0","-8.2105956297402337E-25","2.7681185686579499E+0","7.4279354270543498E+0","3.2925466266442740E+1","1.0153453605710000E+2","1.215058560962404E-2"
"155","4.3859172162061799E-1","-6.1303205015505366E-23","-1.0723738954040587E-25","-2.4624467633658225E-13","1.3607093357517710E+0","-1.9326663899243406E-25","2.7682878835380800E+0","7.4277679824315745E+0","3.2924724042397735E+1","1.0145752873738800E+2","1.215058560962404E-2"
"156","4.3878196029356792E-1","-2.4878943335411862E-23","-4.7894649990731446E-26","-6.1293522012363567E-13","1.3600344482393203E+0","1.2637597793959003E-25","2.7684571373637601E+0","7.4275998281454116E+0","3.2923978672660610E+1","1.0138056424682600E+2","1.215058560962404E-2"
"157","4.3897223579942823E-1","2.0772204749346681E-22","-2.7380641212050684E-25","-8.7851657493872484E-13","1.3593597337795780E+0","-8.2982264928046376E-25","2.7686263301040102E+0","7.4274309630552686E+0","3.2923230152175520E+1","1.0130364273630400E+2","1.215058560962404E-2"
"158","4.3916254809322852E-1","-2.4469698987916174E-23","1.3013527070188945E-25","2.0483936671440040E-13","1.3586851924151429E+0","5.5448141553532262E-25","2.7687954617281201E+0","7.4272613860191576E+0","3.2922478475880425E+1","1.0122676455132600E+2","1.215058560962404E-2"
"159","4.3935289712991710E-1","2.6614575811690001E-22","3.0205016703317028E-25","-7.0304463960878757E-13","1.3580108241889959E+0","3.4751677536194877E-25","2.7689645322047900E+0","7.4270910958928020E+0","3.2921723638703135E+1","1.0114993280946000E+2","1.215058560962404E-2"
"160","4.3954328286438243E-1","-1.1324150275152379E-23","9.8046282477703847E-26","-5.6873392771555810E-13","1.3573366291438960E+0","8.2896017360312668E-25","2.7691335415036300E+0","7.4269200915307865E+0","3.2920965635566432E+1","1.0107314702398500E+2","1.215058560962404E-2"
"161","4.3973370525147920E-1","-8.9656260933646208E-23","1.2985956976182341E-25","-1.2017345006560622E-13","1.3566626073227717E+0","2.6599699913724337E-25","2.7693024895938101E+0","7.4267483717853642E+0","3.2920204461382745E+1","1.0099640344284801E+2","1.215058560962404E-2"
"162","4.3992416424601155E-1","-1.9141190293378207E-22","-1.1696650368260649E-25","-9.2368588445802848E-13","1.3559887587686297E+0","2.0025977603549715E-25","2.7694713764444900E+0","7.4265759355076053E+0","3.2919440111059259E+1","1.0091970620688600E+2","1.215058560962404E-2"
"163","4.4011465980270442E-1","1.8301908459918151E-22","-5.9012510883567528E-26","-8.8398494212283432E-13","1.3553150835244412E+0","-2.7063497471069612E-25","2.7696402020253501E+0","7.4264027815463782E+0","3.2918672579493418E+1","1.0084305039681900E+2","1.215058560962404E-2"
"164","4.4030519187624834E-1","-7.5423963490481957E-23","2.2893994885828552E-25","-5.6166637884029484E-14","1.3546415816333173E+0","5.4180251830667364E-25","2.7698089663057699E+0","7.4262289087492377E+0","3.2917901861576837E+1","1.0076643754854200E+2","1.215058560962404E-2"
"165","4.4049576042128663E-1","4.2828174366748487E-23","-1.6289810560613320E-25","-3.7511737091054903E-13","1.3539682531384081E+0","-4.3012176972874439E-25","2.7699776692551898E+0","7.4260543159616841E+0","3.2917127952191990E+1","1.0068987160083699E+2","1.215058560962404E-2"
"166","4.4068636539237899E-1","9.6672715122193955E-24","1.4881455142629094E-25","-6.3378103272916882E-13","1.3532950980829457E+0","4.8818597377255441E-25","2.7701463108432698E+0","7.4258790020274823E+0","3.2916350846213724E+1","1.0061334917600300E+2","1.215058560962404E-2"
"167","4.4087700674407859E-1","1.0612046045042285E-22","7.0366774380769796E-26","-8.8066669580109170E-13","1.3526221165100896E+0","1.3866224115085825E-25","2.7703148910397202E+0","7.4257029657889548E+0","3.2915570538510423E+1","1.0053687310451400E+2","1.215058560962404E-2"
"168","4.4106768443081351E-1","-2.4672997455929878E-22","2.4541236996695359E-25","3.1665599692916644E-13","1.3519493084632404E+0","1.6898043792657600E-25","2.7704834098144202E+0","7.4255262060862739E+0","3.2914787023940995E+1","1.0046043857990300E+2","1.215058560962404E-2"
"169","4.4125839840704906E-1","7.4153945195645230E-23","-1.1997297491302935E-25","-3.9884397131915883E-13","1.3512766739857534E+0","2.7789486219922408E-26","2.7706518671368001E+0","7.4253487217581258E+0","3.2914000297357731E+1","1.0038405197085100E+2","1.215058560962404E-2"
"170","4.4144914862710277E-1","6.1074856809513236E-24","8.9451825156441911E-26","-2.5084127641634515E-13","1.3506042131211142E+0","2.6339494423397028E-25","2.7708202629769798E+0","7.4251705116412845E+0","3.2913210353604441E+1","1.0030770636156100E+2","1.215058560962404E-2"
"171","4.4163993504531873E-1","-2.3767867772028548E-22","1.7765917967184590E-25","-1.2669666474674196E-12","1.3499319259127631E+0","-3.2644939420476522E-25","2.7709885973047301E+0","7.4249915745709147E+0","3.2912417187517832E+1","1.0023140882766100E+2","1.215058560962404E-2"
"172","4.4183075761591778E-1","-6.0827894867633464E-24","2.4152818139405851E-26","-7.7250399513322781E-13","1.3492598124042492E+0","6.9883895198240255E-26","2.7711568700903499E+0","7.4248119093801890E+0","3.2911620793925749E+1","1.0015515378019600E+2","1.215058560962404E-2"
"173","4.4202161629312997E-1","5.9435190153415612E-24","4.2648629793961279E-26","-7.0940988455371720E-13","1.3485878726391902E+0","2.9499443704422896E-25","2.7713250813036199E+0","7.4246315149011544E+0","3.2910821167651072E+1","1.0007894058336400E+2","1.215058560962404E-2"
"174","4.4221251103107106E-1","-3.3477143360751486E-23","-2.3643178622522236E-25","-3.0809086718954725E-13","1.3479161066613035E+0","-2.8240576953717803E-25","2.7714932309148099E+0","7.4244503899630532E+0","3.2910018303504231E+1","1.0000277614616500E+2","1.215058560962404E-2"
"175","7.4937975875904661E-1","1.2811364901435255E-23","-2.3282921324362316E-26","3.6536475120230251E-13","5.2929125974150038E-1","9.2479327686302234E-25","2.9777051044088201E+0","4.8453173299828984E+0","2.1477614320326403E+1","1.0018964115969200E+2","1.215058560962404E-2"
"176","7.4951433910385279E-1","-3.1234348355788026E-23","4.4057239408216627E-25","3.8334747490836545E-13","5.2898059800386588E-1","9.8390091456396128E-24","2.9778347260720999E+0","4.8420337238473756E+0","2.1463059231081324E+1","1.0039937675992000E+2","1.215058560962404E-2"
"177","7.4964881610461909E-1","-2.9328524224465778E-23","1.1265302978596749E-25","3.7586175740763334E-13","5.2866998495752004E-1","5.1040917588210421E-25","2.9779645190596900E+0","4.8387491547369157E+0","2.1448499873301724E+1","1.0060990401195100E+2","1.215058560962404E-2"
"178","7.4978318968538760E-1","-3.0705028595834784E-24","-2.1284345261546782E-25","3.7906429734999086E-13","5.2835941960445099E-1","-6.2019195992362581E-24","2.9780944840474701E+0","4.8354636289638133E+0","2.1433936274967820E+1","1.0082122606070899E+2","1.215058560962404E-2"
"179","7.4991745976977464E-1","3.5257738003670049E-23","-7.9903502677343530E-26","3.6948437263812663E-13","5.2804890094336265E-1","-1.5848024360305949E-24","2.9782246217129500E+0","4.8321771528569721E+0","2.1419368464133445E+1","1.0103334606182300E+2","1.215058560962404E-2"
"180","7.5005162628095390E-1","1.0693782533298421E-23","-1.2622521980281029E-25","4.1784624651680584E-13","5.2773842796960668E-1","-2.3888593692137415E-24","2.9783549327354399E+0","4.8288897327620504E+0","2.1404796468926712E+1","1.0124626719402400E+2","1.215058560962404E-2"
"181","7.5018568914167161E-1","8.7879584019731633E-24","-2.1409330666102527E-25","3.7929188665677804E-13","5.2742799967526732E-1","-7.4863912536327620E-24","2.9784854177958300E+0","4.8256013750414315E+0","2.1390220317549858E+1","1.0145999265091800E+2","1.215058560962404E-2"
"182","7.5031964827422082E-1","9.5290363986958521E-25","2.6487423340199513E-26","3.5747452849870134E-13","5.2711761504903598E-1","9.8549419638612860E-25","2.9786160775768198E+0","4.8223120860744277E+0","2.1375640038280171E+1","1.0167452564139900E+2","1.215058560962404E-2"
"183","7.5045350360046092E-1","1.1964331954173901E-23","6.0325450934133836E-26","3.9294281438166908E-13","5.2680727307626041E-1","4.2765691249914226E-24","2.9787469127628001E+0","4.8190218722573217E+0","2.1361055659470154E+1","1.0188986938721800E+2","1.215058560962404E-2"
"184","7.5058725504179968E-1","9.4232331123988663E-24","-2.1685810305686846E-25","3.7227872157597413E-13","5.2649697273898766E-1","-7.2355435788009468E-24","2.9788779240398000E+0","4.8157307400033718E+0","2.1346467209547558E+1","1.0210602713195399E+2","1.215058560962404E-2"
"185","7.5072090251920043E-1","-7.6338852797093265E-23","2.6539617435584204E-25","3.6186972601776587E-13","5.2618671301582753E-1","4.2482258030455491E-24","2.9790091120956301E+0","4.8124386957430509E+0","2.1331874717016454E+1","1.0232300213278801E+2","1.215058560962404E-2"
"186","7.5085444595317274E-1","-4.0975227249195796E-23","9.8477685777828732E-26","3.6296417787988205E-13","5.2587649288204474E-1","2.6180742873753813E-24","2.9791404776197798E+0","4.8091457459240150E+0","2.1317278210457062E+1","1.0254079766676900E+2","1.215058560962404E-2"
"187","7.5098788526377414E-1","7.5174089811217573E-24","-5.9279368531107925E-26","3.5728956287521954E-13","5.2556631130949516E-1","-7.9966875607621197E-25","2.9792720213034700E+0","4.8058518970112543E+0","2.1302677718526443E+1","1.0275941702293400E+2","1.215058560962404E-2"
"188","7.5112122037060669E-1","-1.8740612383790635E-23","-1.6894704954765174E-25","3.5819062428135531E-13","5.2525616726663893E-1","-5.1898266856036407E-24","2.9794037438396002E+0","4.8025571554871282E+0","2.1288073269958655E+1","1.0297886351184700E+2","1.215058560962404E-2"
"189","7.5125445119281398E-1","3.4834221530028839E-23","-1.0682291309110820E-25","3.8282328053189672E-13","5.2494605971850150E-1","-3.4073212189166536E-24","2.9795356459228399E+0","4.7992615278515434E+0","2.1273464893565535E+1","1.0319914046031199E+2","1.215058560962404E-2"
"190","7.5138757764907704E-1","9.2114748755902987E-24","-1.1991042513205600E-25","3.8969614102064713E-13","5.2463598762672004E-1","-6.4807885548160804E-24","2.9796677282494999E+0","4.7959650206219155E+0","2.1258852618236528E+1","1.0342025120926300E+2","1.215058560962404E-2"
"191","7.5152059965761775E-1","-2.4352281491337013E-24","-2.1844794358889254E-26","3.5480609572003922E-13","5.2432594994947379E-1","-3.2525313151616526E-25","2.9797999915176501E+0","4.7926676403333346E+0","2.1244236472939427E+1","1.0364219911646900E+2","1.215058560962404E-2"
"192","7.5165351713618822E-1","1.0587069262929601E-25","-2.9809369661825511E-25","3.5801005259520454E-13","5.2401594564144860E-1","-7.8559168478495415E-24","2.9799324364270898E+0","4.7893693935387622E+0","2.1229616486721245E+1","1.0386498756222799E+2","1.215058560962404E-2"
"193","7.5178633000207506E-1","2.0011144953125167E-23","3.1820825494292519E-26","3.4060403604025169E-13","5.2370597365393123E-1","2.5717160436042571E-24","2.9800650636793100E+0","4.7860702868088820E+0","2.1214992688707540E+1","1.0408861994402599E+2","1.215058560962404E-2"
"194","7.5191903817208927E-1","1.6623013164106834E-23","-1.3494496734104637E-25","3.7246793333282482E-13","5.2339603293468395E-1","-1.4773276389987724E-24","2.9801978739775401E+0","4.7827703267324306E+0","2.1200365108103910E+1","1.0431309966751699E+2","1.215058560962404E-2"
"195","7.5205164156257831E-1","2.3399276742131463E-23","1.2004189722905829E-25","4.3723865802197187E-13","5.2308612242800234E-1","1.8106418567047999E-24","2.9803308680267202E+0","4.7794695199161135E+0","2.1185733774195587E+1","1.0453843016376700E+2","1.215058560962404E-2"
"196","7.5218414008940315E-1","3.2293122688301953E-23","4.0366966481408878E-26","4.4758991300891380E-13","5.2277624107473852E-1","-2.2001638455478486E-24","2.9804640465334700E+0","4.7761678729847770E+0","2.1171098716348222E+1","1.0476461488271900E+2","1.215058560962404E-2"
"197","7.5231653366795481E-1","-5.2940401781446258E-25","8.2559496871864891E-25","4.0850087134640440E-13","5.2246638781217603E-1","1.8212881870295261E-23","2.9805974102061499E+0","4.7728653925815125E+0","2.1156459964008342E+1","1.0499165728657300E+2","1.215058560962404E-2"
"198","7.5244882221313969E-1","-2.4246326540933765E-23","-1.2267814323885646E-25","4.1553808336698957E-13","5.2215656157405510E-1","-1.3904465488395137E-24","2.9807309597549101E+0","4.7695620853677685E+0","2.1141817546703841E+1","1.0521956085894200E+2","1.215058560962404E-2"
"199","7.5258100563938302E-1","2.8269716188830834E-23","-1.2854529742514395E-25","4.1551836414459787E-13","5.2184676129063523E-1","-2.5974377961135477E-24","2.9808646958915301E+0","4.7662579580233837E+0","2.1127171494044131E+1","1.0544832910312699E+2","1.215058560962404E-2"
"200","7.5271308386062419E-1","3.1762892943786368E-25","2.6022321482910587E-25","4.2277790213660034E-13","5.2153698588860542E-1","3.3888481205724525E-24","2.9809986193295601E+0","4.7629530172467121E+0","2.1112521835720692E+1","1.0567796553824900E+2","1.215058560962404E-2"
"201","7.5284505679031499E-1","-1.0905557621669001E-23","1.6040963396207430E-25","4.1049507179988156E-13","5.2122723429112372E-1","8.4278238180989164E-25","2.9811327307842399E+0","4.7596472697547307E+0","2.1097868601507567E+1","1.0590847370001499E+2","1.215058560962404E-2"
"202","7.5297692434141739E-1","-4.6057424932721791E-23","-1.2084245394571970E-25","4.2247750918451017E-13","5.2091750541775361E-1","-4.0493741071332025E-24","2.9812670309725600E+0","4.7563407222831273E+0","2.1083211821261720E+1","1.0613985714126299E+2","1.215058560962404E-2"
"203","7.5310868642640116E-1","-1.2387865279365086E-23","-1.4868014672178086E-26","4.1750660148893314E-13","5.2060779818449265E-1","2.1841102762853390E-24","2.9814015206132201E+0","4.7530333815864196E+0","2.1068551524923596E+1","1.0637211943631200E+2","1.215058560962404E-2"
"204","7.5324034295723941E-1","-2.6152150672259022E-23","3.3755313549128883E-26","4.4156719672306408E-13","5.2029811150373950E-1","3.5040750103864581E-24","2.9815362004266399E+0","4.7497252544380233E+0","2.1053887742517393E+1","1.0660526418389000E+2","1.215058560962404E-2"
"205","7.5337189384541192E-1","2.2340485558058532E-23","-2.3609752724075248E-25","4.3375774422035812E-13","5.1998844428431101E-1","-5.4843986168070501E-24","2.9816710711349401E+0","4.7464163476303503E+0","2.1039220504151533E+1","1.0683929498930600E+2","1.215058560962404E-2"
"206","7.5350333900188904E-1","4.1292771920883782E-24","-5.5550563348161713E-25","4.5383379190576181E-13","5.1967879543139095E-1","-1.1489402213962388E-23","2.9818061334619901E+0","4.7431066679749563E+0","2.1024549840019276E+1","1.0707421548309399E+2","1.215058560962404E-2"
"207","7.5363467833716247E-1","2.1281694373979582E-23","3.9185484750223524E-25","4.3444917831260381E-13","5.1936916384653276E-1","7.7659481340553500E-24","2.9819413881333698E+0","4.7397962223026084E+0","2.1009875780399049E+1","1.0731002931167500E+2","1.215058560962404E-2"
"208","7.5376591176118324E-1","1.4505430795948935E-23","5.0163508306658758E-25","4.1327388489698756E-13","5.1905954842768887E-1","1.1491665626151674E-23","2.9820768358763798E+0","4.7364850174633464E+0","2.0995198355654708E+1","1.0754674014970701E+2","1.215058560962404E-2"
"209","7.5389703918343154E-1","-1.2387865279389160E-23","5.5999240009420135E-25","4.0467833949995233E-13","5.1874994806909935E-1","1.2567606004794901E-23","2.9822124774200400E+0","4.7331730603266902E+0","2.0980517596236460E+1","1.0778435167630300E+2","1.215058560962404E-2"
"210","7.5402806051286220E-1","5.1880683761312165E-24","-3.9958199721964308E-25","3.9123575847323165E-13","5.1844036166138474E-1","-5.3654470639918891E-24","2.9823483134950899E+0","4.7298603577816642E+0","2.0965833532680961E+1","1.0802286759951799E+2","1.215058560962404E-2"
"211","7.5415897565791057E-1","-2.5305117725036788E-23","-1.4350196315821879E-25","3.9850220501088529E-13","5.1813078809149649E-1","-6.3025120888858937E-24","2.9824843448339999E+0","4.7265469167369032E+0","2.0951146195611798E+1","1.0826229164346800E+2","1.215058560962404E-2"
"212","7.5428978452651230E-1","3.4940024816145269E-24","4.2362600081973840E-25","3.6896472552056033E-13","5.1782122624270055E-1","1.1589596984826626E-23","2.9826205721709100E+0","4.7232327441207618E+0","2.0936455615739966E+1","1.0850262755368701E+2","1.215058560962404E-2"
"213","7.5442048702607634E-1","-3.4834238381651038E-23","-1.5540017808760034E-25","3.9490577516254005E-13","5.1751167499453898E-1","-1.6000311119238127E-24","2.9827569962417400E+0","4.7199178468814846E+0","2.0921761823864635E+1","1.0874387909019600E+2","1.215058560962404E-2"
"214","7.5455108306351570E-1","-1.3446656463480147E-23","-3.1991034731471879E-25","3.8783715928267573E-13","5.1720213322285424E-1","-8.6714835751331094E-24","2.9828936177840801E+0","4.7166022319872249E+0","2.0907064850873212E+1","1.0898605004175501E+2","1.215058560962404E-2"
"215","7.5468157254518531E-1","5.2833671659166351E-23","-2.1512168020140712E-25","3.9444562807885601E-13","5.1689259979981239E-1","-5.2569931686653219E-24","2.9830304375372498E+0","4.7132859064261750E+0","2.0892364727741931E+1","1.0922914420684900E+2","1.215058560962404E-2"
"216","7.5481195537695434E-1","9.4232331123868293E-24","1.4593522336809730E-25","3.9838975245192155E-13","5.1658307359378275E-1","9.5656435996834196E-25","2.9831674562422799E+0","4.7099688772067010E+0","2.0877661485536461E+1","1.0947316540830900E+2","1.215058560962404E-2"
"217","7.5494223146414552E-1","2.4034551452527073E-23","-3.8409288925224554E-25","4.2136949238007643E-13","5.1627355346942094E-1","-7.1429400580277373E-24","2.9833046746419400E+0","4.7066511513574563E+0","2.0862955155412379E+1","1.0971811749150000E+2","1.215058560962404E-2"
"218","7.5507240071156101E-1","3.0387298556933814E-23","-5.5147914620255592E-25","3.8602548620256205E-13","5.1596403828765969E-1","-1.2862990227189456E-23","2.9834420934806301E+0","4.7033327359274155E+0","2.0848245768615357E+1","1.0996400431277500E+2","1.215058560962404E-2"
"219","7.5520246302347083E-1","-1.2599623516221802E-23","-8.4677432040945947E-26","3.8567504344921735E-13","5.1565452690559699E-1","-1.6698264446780078E-24","2.9835797135045699E+0","4.7000136379860997E+0","2.0833533356482128E+1","1.1021082976369100E+2","1.215058560962404E-2"
"220","7.5533241830361553E-1","-6.6703928854374623E-24","-3.1012330901786288E-25","3.9073903249302851E-13","5.1534501817659462E-1","-6.5241332533438737E-24","2.9837175354616101E+0","4.6966938646236027E+0","2.0818817950440632E+1","1.1045859773759901E+2","1.215058560962404E-2"
"221","7.5546226645520065E-1","7.5174089810736091E-24","-3.8232758245503625E-25","3.8801593097405410E-13","5.1503551095022038E-1","-6.6502201612840216E-24","2.9838555601013401E+0","4.6933734229507058E+0","2.0804099582010497E+1","1.1070731215980700E+2","1.215058560962404E-2"
"222","7.5559200738089560E-1","3.9492902739937699E-23","-8.0950813072561282E-25","3.8588950825371569E-13","5.1472600407223612E-1","-1.8182650488639572E-23","2.9839937881750198E+0","4.6900523200990136E+0","2.0789378282803650E+1","1.1095697697602800E+2","1.215058560962404E-2"
"223","7.5572164098283723E-1","4.3410354288969458E-24","-8.0314567567439641E-26","3.6008152849437839E-13","5.1441649638457665E-1","1.5871663849407625E-24","2.9841322204356500E+0","4.6867305632211078E+0","2.0774654084525022E+1","1.1120759615138800E+2","1.215058560962404E-2"
"224","7.5585116716260681E-1","2.4881584399821529E-23","-6.6909322402197684E-25","3.0256583869604901E-13","5.1410698672539301E-1","-1.0930302635665322E-23","2.9842708576378998E+0","4.6834081594905266E+0","2.0759927018972416E+1","1.1145917366681600E+2","1.215058560962404E-2"
"225","7.5598058582124561E-1","-3.1764578098783932E-25","-5.1730758517011001E-26","3.8148037792990278E-13","5.1379747392891795E-1","-2.5427203779861546E-24","2.9844097005382100E+0","4.6800851161020596E+0","2.0745197118037844E+1","1.1171171353059300E+2","1.215058560962404E-2"
"226","7.5610989685927665E-1","8.3644419283560280E-24","-4.7703801854516710E-25","3.8084629379776960E-13","5.1348795682561532E-1","-9.4438720843547648E-24","2.9845487498945902E+0","4.6767614402717115E+0","2.0730464413707359E+1","1.1196521976465500E+2","1.215058560962404E-2"
"227","7.5623910017664520E-1","-3.3351930723918841E-23","1.7621623682225041E-25","3.7645626317295607E-13","5.1317843424205811E-1","3.7239643500383855E-24","2.9846880064668500E+0","4.6734371392368859E+0","2.0715728938061869E+1","1.1221969641923999E+2","1.215058560962404E-2"
"228","7.5636819567276470E-1","-7.2103688060795523E-23","-4.7266823599287434E-25","3.7612826308505892E-13","5.1286890500092042E-1","-9.0131021490180645E-24","2.9848274710164402E+0","4.6701122202565157E+0","2.0700990723277702E+1","1.1247514756457100E+2","1.215058560962404E-2"
"229","7.5649718324647230E-1","1.8317079058599450E-23","2.7120837644043469E-25","3.8626347401443858E-13","5.1255936792106838E-1","6.1445870656561187E-24","2.9849671443065100E+0","4.6667866906110715E+0","2.0686249801626673E+1","1.1273157728574000E+2","1.215058560962404E-2"
"230","7.5662606279608990E-1","-2.0858194751876311E-23","7.5399121028005457E-26","3.7202374868487785E-13","5.1224982181737688E-1","2.2983070269536584E-24","2.9851070271019098E+0","4.6634605576028774E+0","2.0671506205477449E+1","1.1298898969718500E+2","1.215058560962404E-2"
"231","7.5675483421935630E-1","-5.6116017012983275E-24","5.8652109405477146E-25","3.3158820493434983E-13","5.1194026550087723E-1","1.1573984796577652E-23","2.9852471201691499E+0","4.6601338285560416E+0","2.0656759967295272E+1","1.1324738892821600E+2","1.215058560962404E-2"
"232","7.5688349741346206E-1","2.9328507372933858E-23","-2.3252481664553535E-27","3.0265750062825424E-13","5.1163069777864667E-1","2.7390469742928327E-26","2.9853874242764400E+0","4.6568065108166481E+0","2.0642011119642785E+1","1.1350677913692500E+2","1.215058560962404E-2"
"233","7.5701205227503476E-1","2.6575650294398404E-23","-1.0816707382626104E-25","3.1287904494839849E-13","5.1132111745383491E-1","-8.1995251600490573E-25","2.9855279401936801E+0","4.6534786117529396E+0","2.0627259695180857E+1","1.1376716449418799E+2","1.215058560962404E-2"
"234","7.5714049870014299E-1","-2.1281711225469373E-23","-3.5359616635403226E-25","3.1009426527600706E-13","5.1101152332567668E-1","-6.6534812024881984E-24","2.9856686686924001E+0","4.6501501387552766E+0","2.0612505726668399E+1","1.1402854920169599E+2","1.215058560962404E-2"
"235","7.5726883658429167E-1","-8.7879752534749907E-24","-7.1950379377561187E-26","3.0445830703971987E-13","5.1070191418943833E-1","9.9665150346589895E-25","2.9858096105458301E+0","4.6468210992363996E+0","2.0597749246963527E+1","1.1429093747662800E+2","1.215058560962404E-2"
"236","7.5739706582241695E-1","-2.5093359488119887E-23","-6.9268921331761241E-26","3.8445660867389417E-13","5.1039228883637877E-1","-2.3224412364690521E-25","2.9859507665288900E+0","4.6434915006315594E+0","2.0582990289024128E+1","1.1455433355913200E+2","1.215058560962404E-2"
"237","7.5752518630889476E-1","6.4480374684022759E-23","1.7452660430238027E-25","3.0410468412690702E-13","5.1008264605391473E-1","4.9839146173746110E-24","2.9860921374180300E+0","4.6401613503984258E+0","2.0568228885907473E+1","1.1481874171052399E+2","1.215058560962404E-2"
"238","7.5765319793752117E-1","4.5527936657656988E-24","-3.6127559865034971E-26","2.9312723198588717E-13","5.0977298462529408E-1","-1.9347648462138900E-24","2.9862337239915799E+0","4.6368306560175672E+0","2.0553465070772333E+1","1.1508416622481600E+2","1.215058560962404E-2"
"239","7.5778110060152526E-1","9.4232331124710887E-24","5.3636812385297087E-25","3.6421618054822232E-13","5.0946330332983991E-1","8.7195596693552028E-24","2.9863755270293999E+0","4.6334994249923183E+0","2.0538698876878392E+1","1.1535061140180800E+2","1.215058560962404E-2"
"240","7.5790889419356788E-1","-4.2669293143664338E-23","-2.5700981061136086E-25","3.0126028921029329E-13","5.0915360094295981E-1","-5.3123344212610150E-24","2.9865175473129200E+0","4.6301676648488179E+0","2.0523930337586417E+1","1.1561808157665000E+2","1.215058560962404E-2"
"241","7.5803657860572438E-1","4.1292771921365264E-24","-1.7405306288285253E-25","2.9260908681638620E-13","5.0884387623588645E-1","-3.4606169157998413E-24","2.9866597856253998E+0","4.6268353831364690E+0","2.0509159486360300E+1","1.1588658110028700E+2","1.215058560962404E-2"
"242","7.5816415372949886E-1","-4.1292940435902056E-24","6.1699960984925480E-26","3.5636761578110460E-13","5.0853412797587216E-1","2.6651628030961471E-26","2.9868022427516498E+0","4.6235025874278328E+0","2.0494386356766579E+1","1.1615611435439700E+2","1.215058560962404E-2"
"243","7.5829161945581658E-1","1.3658397848750776E-23","-1.2831939383527660E-24","2.8874723215760830E-13","5.0822435492622131E-1","-2.3878026989964019E-23","2.9869449194780402E+0","4.6201692853186520E+0","2.0479610982474561E+1","1.1642668572775300E+2","1.215058560962404E-2"
"244","7.5841897567501704E-1","4.9022023396624170E-23","2.3230398313846897E-25","3.2326289890343228E-13","5.0791455584600487E-1","5.5302213749201404E-24","2.9870878165927501E+0","4.6168354844283757E+0","2.0464833397258616E+1","1.1669829964976800E+2","1.215058560962404E-2"
"245","7.5854622227686130E-1","1.5881783503855662E-24","-1.3094364225856171E-25","3.1707727862194056E-13","5.0760472949037627E-1","-1.9415248032148664E-24","2.9872309348854400E+0","4.6135011923998279E+0","2.0450053634996742E+1","1.1697096056595200E+2","1.215058560962404E-2"
"246","7.5867335915052425E-1","1.5775980216896638E-23","-4.2539030687967447E-25","2.7193116348465916E-13","5.0729487461035128E-1","-9.0953327472740513E-24","2.9873742751474599E+0","4.6101664168996166E+0","2.0435271729672355E+1","1.1724467294293601E+2","1.215058560962404E-2"
"247","7.5880038618459078E-1","3.4940024817108234E-24","-6.9260213590999909E-25","2.7279144416494212E-13","5.0698498995282937E-1","-9.7857725793316532E-24","2.9875178381717902E+0","4.6068311656182130E+0","2.0420487715374655E+1","1.1751944127021601E+2","1.215058560962404E-2"
"248","7.5892730326706082E-1","3.0599056793845449E-23","1.6535855821950804E-25","2.7162381560054712E-13","5.0667507426065916E-1","3.5750028539851235E-24","2.9876616247529899E+0","4.6034954462700313E+0","2.0405701626298967E+1","1.1779527006335600E+2","1.215058560962404E-2"
"249","7.5905411028534309E-1","5.1880683762154759E-24","-8.0737028838629166E-25","2.6423784558378213E-13","5.0636512627255625E-1","-1.4251919639063457E-23","2.9878056356872400E+0","4.6001592665935949E+0","2.0390913496747491E+1","1.1807216386340100E+2","1.215058560962404E-2"
"250","7.5918080712625358E-1","3.8434111555943009E-23","-3.2232496782690920E-25","2.6247504129930389E-13","5.0605514472311064E-1","-5.8725518196978246E-24","2.9879498717723498E+0","4.5968226343516596E+0","2.0376123361129828E+1","1.1835012723232300E+2","1.215058560962404E-2"
"251","7.5930739367601441E-1","-1.1540832332058593E-23","-3.3740549170359978E-25","2.8492146121157183E-13","5.0574512834277818E-1","-6.8814340819647371E-24","2.9880943338076800E+0","4.5934855573313573E+0","2.0361331253963645E+1","1.1862916475481600E+2","1.215058560962404E-2"
"252","7.5943386982025318E-1","2.4034551452623370E-23","-1.6674901372440328E-25","2.5382053569658090E-13","5.0543507585790559E-1","-2.9798606459812487E-24","2.9882390225941999E+0","4.5901480433442776E+0","2.0346537209875009E+1","1.1890928104500200E+2","1.215058560962404E-2"
"253","7.5956023544399842E-1","2.4352112976469202E-24","-5.2693179131124369E-25","2.8247826083220207E-13","5.0512498599060385E-1","-1.0849297425166112E-23","2.9883839389345099E+0","4.5868101002267210E+0","2.0331741263599532E+1","1.1919048073224000E+2","1.215058560962404E-2"
"254","7.5968649043168068E-1","-2.4458084777676128E-23","6.8001988338670342E-25","2.6020112034629266E-13","5.0481485745892185E-1","1.1917139109311378E-23","2.9885290836327099E+0","4.5834717358396766E+0","2.0316943449982254E+1","1.1947276847743200E+2","1.215058560962404E-2"
"255","7.5981263466713045E-1","-2.3187535356794630E-23","-3.0391065371253763E-25","2.4570681917264795E-13","5.0450468897665046E-1","-4.6821467534235229E-24","2.9886744574945401E+0","4.5801329580690640E+0","2.0302143803978730E+1","1.1975614896622599E+2","1.215058560962404E-2"
"256","7.5993866803357335E-1","1.8528837295480240E-23","4.7026355847318930E-25","3.0686016410877537E-13","5.0419447925339966E-1","7.5887858008794357E-24","2.9888200613273002E+0","4.5767937748259033E+0","2.0287342360655767E+1","1.2004062690279200E+2","1.215058560962404E-2"
"257","7.6006459041363439E-1","-5.8233599380828210E-24","-2.8010666611045897E-25","2.9502843702957971E-13","5.0388422699465862E-1","-5.6171031321252353E-24","2.9889658959397800E+0","4.5734541940462554E+0","2.0272539155191179E+1","1.2032620701845100E+2","1.215058560962404E-2"
"258","7.6019040168933050E-1","3.7375320371879105E-23","8.3542740882481923E-25","2.7334203903453095E-13","5.0357393090163127E-1","1.2685256013383273E-23","2.9891119621423998E+0","4.5701142236915846E+0","2.0257734222875388E+1","1.2061289407320299E+2","1.215058560962404E-2"
"259","7.6031610174207143E-1","-1.3658414700192418E-23","5.6452392490943302E-25","2.9253083321897813E-13","5.0326358967131002E-1","8.4187045843012245E-24","2.9892582607471199E+0","4.5667738717488415E+0","2.0242927599111770E+1","1.2090069284779000E+2","1.215058560962404E-2"
"260","7.6044169045266097E-1","3.7057607185193911E-24","-2.7734795725116005E-25","2.9996509751275861E-13","5.0295320199649174E-1","-3.1026370754436984E-24","2.9894047925674001E+0","4.5634331462304685E+0","2.0228119319416713E+1","1.2118960814710400E+2","1.215058560962404E-2"
"261","7.6056716770128951E-1","2.8481474425711624E-23","3.8232972475117283E-26","2.9359441903572379E-13","5.0264276656572282E-1","1.0723553507013605E-24","2.9895515584182499E+0","4.5600920551746817E+0","2.0213309419420849E+1","1.2147964480661700E+2","1.215058560962404E-2"
"262","7.6069253336753639E-1","1.4717189032829725E-23","-4.0672016711230859E-25","2.6516312075083351E-13","5.0233228206329894E-1","-6.5439167319851519E-24","2.9896985591162002E+0","4.5567506066455525E+0","2.0198497934869412E+1","1.2177080768010300E+2","1.215058560962404E-2"
"263","7.6081778733036975E-1","3.1869606214732966E-23","-4.8262350232939621E-26","2.2697989783642086E-13","5.0202174716924497E-1","-1.3599645878091382E-24","2.9898457954793098E+0","4.5534088087332067E+0","2.0183684901623124E+1","1.2206310165315899E+2","1.215058560962404E-2"
"264","7.6094292946813868E-1","2.0011144953152250E-23","5.3198592215208032E-25","2.3812196799496487E-13","5.0171116055930998E-1","8.6024118498887246E-24","2.9899932683271500E+0","4.5500666695538916E+0","2.0168870355658509E+1","1.2235653163007299E+2","1.215058560962404E-2"
"265","7.6106795965858010E-1","3.6528287424617751E-23","-3.4863655128355135E-26","2.0553031027033843E-13","5.0140052090501641E-1","1.5717930806642954E-25","2.9901409784807500E+0","4.5467241972501036E+0","2.0154054333068430E+1","1.2265110254412200E+2","1.215058560962404E-2"
"266","7.6119287777881206E-1","6.4586177970909561E-24","-2.1560129594078488E-25","1.9740268590670018E-13","5.0108982687353099E-1","-3.0098411267282464E-24","2.9902889267626800E+0","4.5433813999908539E+0","2.0139236870063286E+1","1.2294681935988500E+2","1.215058560962404E-2"
"267","7.6131768370533315E-1","-3.9175358067816379E-24","1.3488856070483516E-26","2.2422491117195884E-13","5.0077907712775283E-1","9.1102281858645606E-25","2.9904371139969901E+0","4.5400382859716952E+0","2.0124418002971122E+1","1.2324368705714500E+2","1.215058560962404E-2"
"268","7.6144237731402131E-1","4.4575100423523879E-23","-3.0478949342980539E-25","2.6502023973969455E-13","5.0046827032627716E-1","-5.4559320508484719E-24","2.9905855410091502E+0","4.5366948634148825E+0","2.0109597768238352E+1","1.2354171065305999E+2","1.215058560962404E-2"
"269","7.6156695848013622E-1","-1.3234898226575282E-23","-5.8573233592349173E-25","2.4375814126839475E-13","5.0015740512341156E-1","-8.9741545642574611E-24","2.9907342086261202E+0","4.5333511405695308E+0","2.0094776202430449E+1","1.2384089517965501E+2","1.215058560962404E-2"
"270","7.6169142707830995E-1","-7.9409423062407201E-24","-3.1224302323162814E-25","1.9546369275260516E-13","4.9984648016908556E-1","-4.7834194447442541E-24","2.9908831176763302E+0","4.5300071257118226E+0","2.0079953342232859E+1","1.2414124570210400E+2","1.215058560962404E-2"
"271","7.6181578298255126E-1","5.3998266129999695E-24","2.1080108573739367E-25","2.0830606050464116E-13","4.9953549410888176E-1","4.6484890407076682E-24","2.9910322689896698E+0","4.5266628271451035E+0","2.0065129224451439E+1","1.2444276731120100E+2","1.215058560962404E-2"
"272","7.6194002606624556E-1","3.7057607184953170E-24","-7.6573218979710448E-25","2.0089297964070009E-13","4.9922444558409712E-1","-1.1271864210112829E-23","2.9911816633974402E+0","4.5233182531999390E+0","2.0050303886012706E+1","1.2474546512376700E+2","1.215058560962404E-2"
"273","7.6206415620214996E-1","-1.5564238831541749E-23","-5.4696806540451782E-25","2.0684139983970774E-13","4.9891333323162212E-1","-8.5781401804457794E-24","2.9913313017323602E+0","4.5199734122344832E+0","2.0035477363965459E+1","1.2504934428284101E+2","1.215058560962404E-2"
"274","7.6218817326239274E-1","-8.3644587798578554E-24","1.2100884264103860E-25","1.9083657412663590E-13","4.9860215568402699E-1","6.2098628807210610E-25","2.9914811848285798E+0","4.5166283126343405E+0","2.0020649695480184E+1","1.2535440995755900E+2","1.215058560962404E-2"
"275","7.6231207711847493E-1","-2.5516875961749059E-23","1.1316596908055208E-25","1.8532784523244574E-13","4.9829091156946631E-1","3.5782264007999570E-24","2.9916313135216499E+0","4.5132829628130224E+0","2.0005820917851068E+1","1.2566066734785301E+2","1.215058560962404E-2"
"276","7.6243586764126547E-1","-2.6469863858820837E-24","7.3221463895610558E-25","1.7982734131484917E-13","4.9797959951174403E-1","1.0194667592818825E-23","2.9917816886485298E+0","4.5099373712118238E+0","1.9990991068495436E+1","1.2596812167632400E+2","1.215058560962404E-2"
"277","7.6255954470100318E-1","4.6057408081244038E-23","7.3379110845467539E-25","1.7688535838676387E-13","4.9766821813026030E-1","1.0903319084489950E-23","2.9919323110475400E+0","4.5065915463001591E+0","1.9976160184955280E+1","1.2627677819317999E+2","1.215058560962404E-2"
"278","7.6268310816729412E-1","-2.9963798934813240E-23","3.6998241514586437E-25","1.7336683648748838E-13","4.9735676604002271E-1","5.2757905055008628E-24","2.9920831815583799E+0","4.5032454965756195E+0","1.9961328304897478E+1","1.2658664217921100E+2","1.215058560962404E-2"
"279","7.6280655790910989E-1","-2.2234699122408742E-24","6.0901075596288340E-25","1.6636005287428980E-13","4.9704524185163018E-1","7.5720029811805270E-24","2.9922343010221200E+0","4.4998992305641821E+0","1.9946495466114733E+1","1.2689771893832599E+2","1.215058560962404E-2"
"280","7.6292989379478771E-1","2.0011144953194380E-23","-4.2574317628167877E-25","1.6764931615167462E-13","4.9673364417125920E-1","-5.9781254228516865E-24","2.9923856702811902E+0","4.4965527568202805E+0","1.9931661706525894E+1","1.2721001380676699E+2","1.215058560962404E-2"
"281","7.6305311569203060E-1","4.4151583949942855E-23","-3.0272159794105827E-25","1.5908914857668169E-13","4.9642197160068297E-1","-5.0245908683198618E-24","2.9925372901793201E+0","4.4932060839270598E+0","1.9916827064177060E+1","1.2752353214391600E+2","1.215058560962404E-2"
"282","7.6317622346790281E-1","5.6221803448320101E-23","-4.4281509489305287E-25","1.8095219220855691E-13","4.9611022273721067E-1","-5.7926682055092007E-24","2.9926891615616200E+0","4.4898592204964762E+0","1.9901991577242065E+1","1.2783827933868599E+2","1.215058560962404E-2"
"283","7.6329921698883330E-1","-5.3998434644295745E-24","-3.5853123294366302E-25","1.5534212491243875E-13","4.9579839617375976E-1","-5.8607543022081783E-24","2.9928412852744501E+0","4.4865121751694197E+0","1.9887155284022974E+1","1.2815426081110999E+2","1.215058560962404E-2"
"284","7.6342209612061085E-1","1.7258287874628834E-23","-2.0567625948516187E-25","1.5900215595623912E-13","4.9548649049874566E-1","-2.5556756261321517E-24","2.9929936621655302E+0","4.4831649566159655E+0","1.9872318222951229E+1","1.2847148200530501E+2","1.215058560962404E-2"
"285","7.6354486072838523E-1","1.4293672559230645E-23","2.0546101018789511E-25","1.5813343841701255E-13","4.9517450429616788E-1","3.0563502487178824E-24","2.9931462930838402E+0","4.4798175735354171E+0","1.9857480432587838E+1","1.2878994839626000E+2","1.215058560962404E-2"
"286","7.6366751067666716E-1","6.4586177971270673E-24","3.8593862477375121E-25","1.6092261603060070E-13","4.9486243614554942E-1","5.1006085902941364E-24","2.9932991788796501E+0","4.4764700346565522E+0","1.9842641951624444E+1","1.2910966548280601E+2","1.215058560962404E-2"
"287","7.6379004582932508E-1","1.4717189032829725E-23","3.2961545333483561E-25","1.5874255360679002E-13","4.9455028462194450E-1","4.3263359909931706E-24","2.9934523204044599E+0","4.4731223487377223E+0","1.9827802818883786E+1","1.2943063880135901E+2","1.215058560962404E-2"
"288","7.6391246604958685E-1","2.3822793215814802E-23","1.1034989085960729E-24","1.5260888925421265E-13","4.9423804829594797E-1","1.3659798532400160E-23","2.9936057185110498E+0","4.4697745245670246E+0","1.9812963073320464E+1","1.2975287390231000E+2","1.215058560962404E-2"
"289","7.6403477120003660E-1","9.2114748756865952E-24","1.9420357899365980E-26","1.4662662617594271E-13","4.9392572573363558E-1","1.2398562945183961E-24","2.9937593740534401E+0","4.4664265709625264E+0","1.9798122754021911E+1","1.3007637638238700E+2","1.215058560962404E-2"
"290","7.6415696114261711E-1","4.1186968634538648E-23","-5.9719224208127992E-25","1.3601133926868970E-13","4.9361331549662296E-1","-7.5785794260430489E-24","2.9939132878868402E+0","4.4630784967722956E+0","1.9783281900208550E+1","1.3040115185567899E+2","1.215058560962404E-2"
"291","7.6427903573862466E-1","8.9997166388780275E-24","-5.0653687834976058E-26","1.5301659640225130E-13","4.9330081614200366E-1","-2.0191681347661677E-24","2.9940674608676998E+0","4.4597303108746864E+0","1.9768440551235052E+1","1.3072720596751600E+2","1.215058560962404E-2"
"292","7.6440099484871393E-1","1.8105320821887178E-23","6.0093588931093486E-25","1.5204092367902205E-13","4.9298822622240224E-1","7.3918452857547763E-24","2.9942218938536400E+0","4.4563820221783859E+0","1.9753598746590544E+1","1.3105454439286899E+2","1.215058560962404E-2"
"293","7.6452283833289303E-1","2.0434661426835590E-23","7.6964826899834506E-25","1.5198719405682942E-13","4.9267554428590432E-1","8.4538228205978014E-24","2.9943765877034600E+0","4.4530336396227108E+0","1.9738756525899923E+1","1.3138317284025601E+2","1.215058560962404E-2"
"294","7.6464456605052566E-1","7.9409254548351892E-24","6.6792304003177168E-26","1.3833578402678974E-13","4.9236276887609198E-1","-7.7874871404039890E-25","2.9945315432771200E+0","4.4496851721776283E+0","1.9723913928923949E+1","1.3171309703831301E+2","1.215058560962404E-2"
"295","7.6476617786032708E-1","6.6703760339476720E-24","4.4487172121199052E-25","1.3023202277876913E-13","4.9204989853201464E-1","4.5225511267524710E-24","2.9946867614357302E+0","4.4463366288440156E+0","1.9709070995560388E+1","1.3204432275568900E+2","1.215058560962404E-2"
"296","7.6488767362036814E-1","-6.0351181748673146E-24","6.7403680738076677E-26","1.2079229927634788E-13","4.9173693178820505E-1","2.9345109482626085E-24","2.9948422430415400E+0","4.4429880186537698E+0","1.9694227765844520E+1","1.3237685578162700E+2","1.215058560962404E-2"
"297","7.6500905318807222E-1","-4.1186985485920105E-23","4.3623634067200877E-25","1.1592801143373900E-13","4.9142386717464853E-1","3.2521883754090702E-24","2.9949979889579099E+0","4.4396393506700180E+0","1.9679384279950050E+1","1.3271070194122299E+2","1.215058560962404E-2"
"298","7.6513031642021434E-1","1.6199496690561921E-23","-1.8822121640032279E-25","1.2169648128699143E-13","4.9111070321680239E-1","-2.5448164056780441E-24","2.9951540000492800E+0","4.4362906339872374E+0","1.9664540578189641E+1","1.3304586708799300E+2","1.215058560962404E-2"
"299","7.6525146317292214E-1","3.3987188582908921E-23","7.6478847215951496E-25","1.2601404505452095E-13","4.9079743843557894E-1","9.1512218050275572E-24","2.9953102771812001E+0","4.4329418777314391E+0","1.9649696701015742E+1","1.3338235710648200E+2","1.215058560962404E-2"
"300","7.6537249330167589E-1","-4.3092809617233325E-23","1.0665606572353598E-25","1.1765557246100475E-13","4.9048407134734623E-1","1.4658306719288185E-24","2.9954668212202402E+0","4.4295930910603225E+0","1.9634852689021272E+1","1.3372017790872300E+2","1.215058560962404E-2"
"301","7.6549340666130672E-1","2.4034551452665499E-23","-2.4349243686285656E-26","1.0537845210904605E-13","4.9017060046390271E-1","-9.0433473047802707E-25","2.9956236330340600E+0","4.4262442831634718E+0","1.9620008582940468E+1","1.3405933544086000E+2","1.215058560962404E-2"
"302","7.6561420310599637E-1","2.4881584399917826E-23","-7.3317612247891185E-26","1.1081074645679325E-13","4.8985702429248867E-1","1.1438938097765083E-24","2.9957807134913401E+0","4.4228954632625044E+0","1.9605164423649569E+1","1.3439983567530601E+2","1.215058560962404E-2"
"303","7.6573488248927934E-1","3.0704860081177622E-24","-6.5977268910149153E-25","1.0698080028616214E-13","4.8954334133579930E-1","-5.4994427811004688E-24","2.9959380634617601E+0","4.4195466406112160E+0","1.9590320252167452E+1","1.3474168461771100E+2","1.215058560962404E-2"
"304","7.6585544466403999E-1","3.1446089741139905E-23","-2.4605307178989188E-25","1.0993419973309427E-13","4.8922955009194180E-1","-1.1306652246490813E-24","2.9960956838160100E+0","4.4161978244957725E+0","1.9575476109656471E+1","1.3508488830348699E+2","1.215058560962404E-2"
"305","7.6597588948251372E-1","8.1526836916437568E-24","1.7719630416670227E-24","1.0234644870020273E-13","4.8891564905447010E-1","1.3088581987428398E-23","2.9962535754257100E+0","4.4128490242348777E+0","1.9560632037423215E+1","1.3542945280241500E+2","1.215058560962404E-2"
"306","7.6609621679628814E-1","-2.4458084777646036E-23","1.7775071883321314E-25","8.6894481977034918E-14","4.8860163671234669E-1","8.0421617759318856E-25","2.9964117391634901E+0","4.4095002491799491E+0","1.9545788076919283E+1","1.3577538421030499E+2","1.215058560962404E-2"
"307","7.6621642645629784E-1","-1.1329074095216923E-23","1.6911295957715708E-25","9.1950468745514494E-14","4.8828751154995148E-1","3.2143629163008980E-24","2.9965701759029000E+0","4.4061515087152596E+0","1.9530944269741909E+1","1.3612268865800300E+2","1.215058560962404E-2"
"308","7.6633651831283212E-1","4.1186968634550685E-23","1.6332951351886030E-24","7.6442233984688363E-14","4.8797327204710977E-1","9.6246796848402491E-24","2.9967288865183801E+0","4.4028028122581055E+0","1.9516100657634698E+1","1.3647137230631799E+2","1.215058560962404E-2"
"309","7.6645649221552803E-1","8.5762001652488551E-24","7.7051973558171022E-25","1.0115092329844430E-13","4.8765891667900957E-1","4.7858197412487796E-24","2.9968878718853200E+0","4.3994541692590969E+0","1.9501257282488943E+1","1.3682144134502099E+2","1.215058560962404E-2"
"310","7.6657634801337660E-1","-9.4232499639006937E-24","6.6634600975055031E-25","7.9052119304415345E-14","4.8734444391632664E-1","3.9883719537260149E-24","2.9970471328799100E+0","4.3961055892020662E+0","1.9486414186343186E+1","1.3717290200026500E+2","1.215058560962404E-2"
"311","7.6669608555471735E-1","6.8821342707562397E-24","-1.8208466347285957E-24","7.2625740294483466E-14","4.8702985222507511E-1","-1.2638509226245896E-23","2.9972066703792701E+0","4.3927570816045218E+0","1.9471571411385245E+1","1.3752576052608200E+2","1.215058560962404E-2"
"312","7.6681570468724214E-1","8.5762001652608922E-24","1.7111491465757850E-24","7.5659496182792380E-14","4.8671514006669980E-1","1.0357020488072560E-23","2.9973664852613200E+0","4.3894086560176815E+0","1.9456728999952364E+1","1.3788002320968499E+2","1.215058560962404E-2"
"313","7.6693520525799352E-1","-2.5728634198545590E-23","-9.8055220606631070E-25","7.6439768308793737E-14","4.8640030589806243E-1","-7.8899341540268007E-24","2.9975265784047802E+0","4.3860603220266228E+0","1.9441886994531878E+1","1.3823569637148901E+2","1.215058560962404E-2"
"314","7.6705458711336694E-1","1.2811364901552616E-23","-1.6507104615294618E-25","6.9076784820788674E-14","4.8608534817141669E-1","-2.1321513751043443E-24","2.9976869506891899E+0","4.3827120892505231E+0","1.9427045437762260E+1","1.3859278636235899E+2","1.215058560962404E-2"
"315","7.6717385009910855E-1","-1.3658414700144269E-23","-7.2516121447683582E-25","6.4362015939838671E-14","4.8577026533441403E-1","-6.8898178333537676E-24","2.9978476029948502E+0","4.3793639673428189E+0","1.9412204372433859E+1","1.3895129956425799E+2","1.215058560962404E-2"
"316","7.6729299406031859E-1","-1.7046546489150565E-23","8.1038356050868240E-25","5.9761934821674106E-14","4.8545505583010806E-1","-1.8810479265925599E-25","2.9980085362028102E+0","4.3760159659913382E+0","1.9397363841489465E+1","1.3931124239651101E+2","1.215058560962404E-2"
"317","7.6741201884144883E-1","2.6363892057631966E-23","5.1811303693865164E-25","5.4655921961148808E-14","4.8513971809695161E-1","1.2854982981237857E-24","2.9981697511948302E+0","4.3726680949185424E+0","1.9382523888025371E+1","1.3967262130432999E+2","1.215058560962404E-2"
"318","7.6753092428630498E-1","1.8528837295528388E-23","6.4865208098394187E-25","5.6548998538892606E-14","4.8482425056879197E-1","4.3282064870885615E-24","2.9983312488533800E+0","4.3693203638816351E+0","1.9367684555291902E+1","1.4003544277161899E+2","1.215058560962404E-2"
"319","7.6764971023804673E-1","-4.0339952538643704E-23","6.1327800408734873E-25","6.0235383848860260E-14","4.8450865167487506E-1","3.3992075193059021E-24","2.9984930300616299E+0","4.3659727826727615E+0","1.9352845886694233E+1","1.4039971330933400E+2","1.215058560962404E-2"
"320","7.6776837653918850E-1","7.6232880996343747E-24","-9.9234360910153246E-25","5.1079022967768962E-14","4.8419291983985563E-1","-4.5399130805190047E-24","2.9986550957033500E+0","4.3626253611192070E+0","1.9338007925793320E+1","1.4076543946626600E+2","1.215058560962404E-2"
"321","7.6788692303159745E-1","2.5305100873571072E-23","-1.3681505709651540E-24","5.8258693760740524E-14","4.8387705348375887E-1","-1.0101527711726498E-23","2.9988174466630100E+0","4.3592781090835739E+0","1.9323170716306670E+1","1.4113262782428399E+2","1.215058560962404E-2"
"322","7.6800534955650179E-1","3.1446089741163979E-23","-4.8364290463230953E-25","5.3017926810040734E-14","4.8356105102203800E-1","-1.9148893310398364E-24","2.9989800838256100E+0","4.3559310364638870E+0","1.9308334302108797E+1","1.4150128499097099E+2","1.215058560962404E-2"
"323","7.6812365595448040E-1","-6.3739237706550155E-23","-1.2267478169665740E-24","5.3198496980782884E-14","4.8324491086551363E-1","-9.8722639934852586E-25","2.9991430080767900E+0","4.3525841531938818E+0","1.9293498727232510E+1","1.4187141761519399E+2","1.215058560962404E-2"
"324","7.6824184206547352E-1","-3.3351930723798471E-23","-6.3615074984985941E-25","5.0682277722396331E-14","4.8292863142042691E-1","-3.3805846699899858E-24","2.9993062203027101E+0","4.3492374692430911E+0","1.9278664035869301E+1","1.4224303237928299E+2","1.215058560962404E-2"
"325","7.6835990772877727E-1","1.8846474650729202E-23","-1.1159360094647150E-24","3.4736162712242785E-14","4.8261221108842156E-1","-2.4737885159410024E-24","2.9994697213900698E+0","4.3458909946170436E+0","1.9263830272370214E+1","1.4261613599228400E+2","1.215058560962404E-2"
"326","7.6847785278304781E-1","8.4703210468566083E-24","1.6398699359494306E-25","3.5710727687879416E-14","4.8229564826651444E-1","8.5588945664674989E-25","2.9996335122260902E+0","4.3425447393575194E+0","1.9248997481246978E+1","1.4299073520237499E+2","1.215058560962404E-2"
"327","7.6859567706630161E-1","-1.1434953213630235E-23","1.1386857840247545E-24","3.6877129612380657E-14","4.8197894134715547E-1","2.9353381216922132E-24","2.9997975936984300E+0","4.3391987135426069E+0","1.9234165707172274E+1","1.4336683679022499E+2","1.215058560962404E-2"
"328","7.6871338041591541E-1","6.2468595602944255E-24","3.6616478842111014E-26","3.1311498269198869E-14","4.8166208871819155E-1","1.0872086107174057E-24","2.9999619666952002E+0","4.3358529272869459E+0","1.9219334994980802E+1","1.4374444756984599E+2","1.215058560962404E-2"
"329","7.6883096266862849E-1","1.9481749361142868E-23","1.1610517051385696E-24","2.7093654060565591E-14","4.8134508876287113E-1","3.8295528398603455E-24","3.0001266321049700E+0","4.3325073907419434E+0","1.9204505389670231E+1","1.4412357439079199E+2","1.215058560962404E-2"
"330","7.6894842366054394E-1","4.3728067476301645E-23","-8.9025960411947320E-25","2.9236645494109378E-14","4.8102793985985959E-1","1.2285896399613977E-24","3.0002915908166701E+0","4.3291621140958716E+0","1.9189676936401643E+1","1.4450422413522401E+2","1.215058560962404E-2"
"331","7.6906576322712916E-1","4.2457518055420146E-23","2.3431289741628116E-24","1.6063805828264046E-14","4.8071064038324124E-1","9.1691169162917116E-25","3.0004568437196002E+0","4.3258171075741112E+0","1.9174849680500614E+1","1.4488640371976399E+2","1.215058560962404E-2"
"332","7.6918298120321515E-1","-8.9997334902775399E-24","7.0678792350083700E-25","1.8989442698492713E-14","4.8039318870250419E-1","2.0333322742604479E-24","3.0006223917033901E+0","4.3224723814393187E+0","1.9160023667457946E+1","1.4527012009612699E+2","1.215058560962404E-2"
"333","7.6930007742300222E-1","-5.0822061092227415E-24","2.2963140219730225E-25","1.8964160289622047E-14","4.8007558318257448E-1","-4.9094987872463945E-25","3.0007882356579900E+0","4.3191279459915668E+0","1.9145198942930296E+1","1.4565538025002800E+2","1.215058560962404E-2"
"334","7.6941705172005870E-1","3.1763651265100090E-24","7.5158460462162423E-25","1.4886106847823115E-14","4.7975782218380036E-1","-7.3812921418392987E-25","3.0009543764736102E+0","4.3157838115685809E+0","1.9130375552741224E+1","1.4604219119983100E+2","1.215058560962404E-2"
"335","7.6953390392732146E-1","1.3552518730382603E-23","1.1907620382080141E-24","5.6197163682792794E-15","4.7943990406195913E-1","-3.0361403404905607E-24","3.0011208150407200E+0","4.3124399885458979E+0","1.9115553542881887E+1","1.4643056000425000E+2","1.215058560962404E-2"
"336","7.6965063387709964E-1","-7.3056675957668688E-24","-1.1640773732321950E-24","8.9451234021072588E-15","4.7912182716825563E-1","1.1778953158170967E-24","3.0012875522499902E+0","4.3090964873370572E+0","1.9100732959511905E+1","1.4682049375026801E+2","1.215058560962404E-2"
"337","7.6976724140107533E-1","2.5410904160241207E-24","1.1308986826510073E-24","5.7484469942138341E-15","4.7880358984935512E-1","8.4590299469884195E-25","3.0014545889923001E+0","4.3057533183937577E+0","1.9085913848960043E+1","1.4721199956224601E+2","1.215058560962404E-2"
"338","7.6988372633030389E-1","3.2504880925137604E-23","-2.3924895840326452E-25","3.2203915124840508E-15","4.7848519044735638E-1","4.5492378819159846E-24","3.0016219261586401E+0","4.3024104922060680E+0","1.9071096257725138E+1","1.4760508460324499E+2","1.215058560962404E-2"
"339","7.7000008849521706E-1","1.3023123138288961E-23","-6.7269706069649052E-26","-1.2616545461839590E-16","4.7816662729981896E-1","6.1949818567532204E-24","3.0017895646401600E+0","4.2990680193025934E+0","1.9056280232476855E+1","1.4799975606717601E+2","1.215058560962404E-2"
"340","7.7011632772562599E-1","-5.0610227024190255E-23","-1.7950614059035281E-25","-2.1770793732160711E-15","4.7784789873975375E-1","-2.7154348006555581E-24","3.0019575053280900E+0","4.2957259102506793E+0","1.9041465820056580E+1","1.4839602118362200E+2","1.215058560962404E-2"
"341","7.7023244385071821E-1","2.0328782308353065E-23","1.3348513097606359E-24","-1.0645351570263659E-14","4.7752900309565616E-1","-6.4762000348124836E-24","3.0021257491136901E+0","4.2923841756565588E+0","1.9026653067478065E+1","1.4879388721912301E+2","1.215058560962404E-2"
"342","7.7034843669906561E-1","-2.1176666255948137E-25","5.0708122946055157E-25","-3.6135924353947688E-15","4.7720993869147232E-1","-3.1752717803296633E-24","3.0022942968882802E+0","4.2890428261655753E+0","1.9011842021928441E+1","1.4919336147472399E+2","1.215058560962404E-2"
"343","7.7046430609862193E-1","-1.1223194976845741E-23","1.1412696802012504E-24","-1.6245671573802677E-14","4.7689070384666110E-1","-6.6705878665368838E-24","3.0024631495431100E+0","4.2857018724623304E+0","1.8997032730768844E+1","1.4959445128871499E+2","1.215058560962404E-2"
"344","7.7058005187672707E-1","7.7291672179784733E-24","-6.5373233117835072E-25","-1.6219355667754766E-14","4.7657129687614558E-1","4.3118654264150887E-24","3.0026323079694501E+0","4.2823613252709052E+0","1.8982225241535414E+1","1.4999716403178800E+2","1.215058560962404E-2"